timestamp,container,name,pid,start_ticks,command,cpu_percent,cpu_interval_seconds,rss_bytes,virtual_bytes,threads
2026-09-17T02:41:39.2122890Z,a42d74844cf7,book-reviews-a4-web-1,1,89546,ruby,,,135864320,769351680,11
2026-09-17T02:41:39.4896189Z,69b93e454d61,book-reviews-a4-static-1,1,70772,bundle,,,35082240,994050048,9
2026-09-17T02:41:39.7549439Z,ca43277e8356,book-reviews-a4-db-1,1,18849,postgres,,,27267072,178855936,1
2026-09-17T02:41:39.7549439Z,ca43277e8356,book-reviews-a4-db-1,27,18905,postgres,,,7208960,178950144,1
2026-09-17T02:41:39.7549439Z,ca43277e8356,book-reviews-a4-db-1,28,18905,postgres,,,6217728,178954240,1
2026-09-17T02:41:39.7549439Z,ca43277e8356,book-reviews-a4-db-1,38,19205,postgres,,,9453568,178921472,1
2026-09-17T02:41:39.7549439Z,ca43277e8356,book-reviews-a4-db-1,39,19205,postgres,,,8007680,180576256,1
2026-09-17T02:41:39.7549439Z,ca43277e8356,book-reviews-a4-db-1,40,19205,postgres,,,7081984,180494336,1
2026-09-17T02:41:39.7549439Z,ca43277e8356,book-reviews-a4-db-1,7951,185899,postgres,,,16564224,181919744,1
2026-09-17T02:41:40.0384077Z,87235cf2e925,book-reviews-a4-redis-1,1,18846,redis-server,,,9596928,46088192,6
2026-09-17T02:41:40.3070456Z,9848c97527b3,book-reviews-a4-traefik-1,1,18847,traefik,,,105250816,1437339648,17
2026-09-17T02:41:40.5707978Z,48f7e9560c08,book-reviews-a4-opensearch-1,1,18849,java,,,1495523328,8906977280,127
2026-09-17T02:41:47.9018051Z,a42d74844cf7,book-reviews-a4-web-1,1,89546,ruby,1.0309,8.730000000000018,136257536,769351680,11
2026-09-17T02:41:48.0379396Z,69b93e454d61,book-reviews-a4-static-1,1,70772,bundle,0,8.539999999999964,35082240,994050048,9
2026-09-17T02:41:48.1589866Z,ca43277e8356,book-reviews-a4-db-1,1,18849,postgres,0,8.419999999999618,27267072,178855936,1
2026-09-17T02:41:48.1589866Z,ca43277e8356,book-reviews-a4-db-1,27,18905,postgres,0,8.419999999999618,7208960,178950144,1
2026-09-17T02:41:48.1589866Z,ca43277e8356,book-reviews-a4-db-1,28,18905,postgres,0,8.419999999999618,6217728,178954240,1
2026-09-17T02:41:48.1589866Z,ca43277e8356,book-reviews-a4-db-1,38,19205,postgres,0,8.419999999999618,9453568,178921472,1
2026-09-17T02:41:48.1589866Z,ca43277e8356,book-reviews-a4-db-1,39,19205,postgres,0,8.419999999999618,8007680,180576256,1
2026-09-17T02:41:48.1589866Z,ca43277e8356,book-reviews-a4-db-1,40,19205,postgres,0,8.419999999999618,7081984,180494336,1
2026-09-17T02:41:48.1589866Z,ca43277e8356,book-reviews-a4-db-1,7951,185899,postgres,0,8.419999999999618,17014784,181997568,1
2026-09-17T02:41:48.2726787Z,87235cf2e925,book-reviews-a4-redis-1,1,18846,redis-server,0.4854,8.240000000000236,9596928,46088192,6
2026-09-17T02:41:48.3959353Z,9848c97527b3,book-reviews-a4-traefik-1,1,18847,traefik,0.4944,8.090000000000146,105381888,1437339648,17
2026-09-17T02:41:48.5107381Z,48f7e9560c08,book-reviews-a4-opensearch-1,1,18849,java,0.7557,7.940000000000055,1495523328,8906977280,127
2026-09-17T02:41:55.8835767Z,a42d74844cf7,book-reviews-a4-web-1,1,89546,ruby,0.1259,7.940000000000055,136257536,769351680,11
2026-09-17T02:41:56.0341200Z,69b93e454d61,book-reviews-a4-static-1,1,70772,bundle,0,7.9900000000002365,35082240,994050048,9
2026-09-17T02:41:56.1880231Z,ca43277e8356,book-reviews-a4-db-1,1,18849,postgres,0,8.0300000000002,27267072,178855936,1
2026-09-17T02:41:56.1880231Z,ca43277e8356,book-reviews-a4-db-1,27,18905,postgres,0,8.0300000000002,7208960,178950144,1
2026-09-17T02:41:56.1880231Z,ca43277e8356,book-reviews-a4-db-1,28,18905,postgres,0,8.0300000000002,6217728,178954240,1
2026-09-17T02:41:56.1880231Z,ca43277e8356,book-reviews-a4-db-1,38,19205,postgres,0,8.0300000000002,9453568,178921472,1
2026-09-17T02:41:56.1880231Z,ca43277e8356,book-reviews-a4-db-1,39,19205,postgres,0,8.0300000000002,8007680,180576256,1
2026-09-17T02:41:56.1880231Z,ca43277e8356,book-reviews-a4-db-1,40,19205,postgres,0,8.0300000000002,7081984,180494336,1
2026-09-17T02:41:56.1880231Z,ca43277e8356,book-reviews-a4-db-1,7951,185899,postgres,0,8.0300000000002,17014784,181997568,1
2026-09-17T02:41:56.3213280Z,87235cf2e925,book-reviews-a4-redis-1,1,18846,redis-server,0.2488,8.039999999999964,9596928,46088192,6
2026-09-17T02:41:56.4271231Z,9848c97527b3,book-reviews-a4-traefik-1,1,18847,traefik,0.1244,8.039999999999964,105381888,1437339648,17
2026-09-17T02:41:56.5564149Z,48f7e9560c08,book-reviews-a4-opensearch-1,1,18849,java,0.7472,8.0300000000002,1495523328,8906977280,127
2026-09-17T02:42:03.8618161Z,a42d74844cf7,book-reviews-a4-web-1,1,89546,ruby,0.1247,8.019999999999982,136257536,769351680,11
2026-09-17T02:42:03.9742425Z,69b93e454d61,book-reviews-a4-static-1,1,70772,bundle,0.1256,7.960000000000036,35082240,994050048,9
2026-09-17T02:42:04.1115321Z,ca43277e8356,book-reviews-a4-db-1,1,18849,postgres,0,7.920000000000073,27267072,178855936,1
2026-09-17T02:42:04.1115321Z,ca43277e8356,book-reviews-a4-db-1,27,18905,postgres,0,7.920000000000073,7208960,178950144,1
2026-09-17T02:42:04.1115321Z,ca43277e8356,book-reviews-a4-db-1,28,18905,postgres,0,7.920000000000073,6217728,178954240,1
2026-09-17T02:42:04.1115321Z,ca43277e8356,book-reviews-a4-db-1,38,19205,postgres,0,7.920000000000073,9453568,178921472,1
2026-09-17T02:42:04.1115321Z,ca43277e8356,book-reviews-a4-db-1,39,19205,postgres,0,7.920000000000073,8007680,180576256,1
2026-09-17T02:42:04.1115321Z,ca43277e8356,book-reviews-a4-db-1,40,19205,postgres,0,7.920000000000073,7081984,180494336,1
2026-09-17T02:42:04.1115321Z,ca43277e8356,book-reviews-a4-db-1,7951,185899,postgres,0,7.920000000000073,17014784,181997568,1
2026-09-17T02:42:04.2281230Z,87235cf2e925,book-reviews-a4-redis-1,1,18846,redis-server,0.3788,7.920000000000073,9596928,46088192,6
2026-09-17T02:42:04.3424419Z,9848c97527b3,book-reviews-a4-traefik-1,1,18847,traefik,0.2528,7.9099999999998545,105381888,1437339648,17
2026-09-17T02:42:04.4562981Z,48f7e9560c08,book-reviews-a4-opensearch-1,1,18849,java,0.7585,7.9099999999998545,1495523328,8906977280,127
2026-09-17T02:42:11.7620710Z,a42d74844cf7,book-reviews-a4-web-1,1,89546,ruby,0.1266,7.900000000000091,136257536,769351680,11
2026-09-17T02:42:11.8862480Z,69b93e454d61,book-reviews-a4-static-1,1,70772,bundle,0,7.899999999999636,35082240,994050048,9
2026-09-17T02:42:12.0085042Z,ca43277e8356,book-reviews-a4-db-1,1,18849,postgres,0,7.900000000000091,27267072,178855936,1
2026-09-17T02:42:12.0085042Z,ca43277e8356,book-reviews-a4-db-1,27,18905,postgres,0,7.900000000000091,7208960,178950144,1
2026-09-17T02:42:12.0085042Z,ca43277e8356,book-reviews-a4-db-1,28,18905,postgres,0,7.900000000000091,6217728,178954240,1
2026-09-17T02:42:12.0085042Z,ca43277e8356,book-reviews-a4-db-1,38,19205,postgres,0,7.900000000000091,9453568,178921472,1
2026-09-17T02:42:12.0085042Z,ca43277e8356,book-reviews-a4-db-1,39,19205,postgres,0,7.900000000000091,8007680,180576256,1
2026-09-17T02:42:12.0085042Z,ca43277e8356,book-reviews-a4-db-1,40,19205,postgres,0,7.900000000000091,7081984,180494336,1
2026-09-17T02:42:12.0085042Z,ca43277e8356,book-reviews-a4-db-1,7951,185899,postgres,0,7.900000000000091,17014784,181997568,1
2026-09-17T02:42:12.1433400Z,87235cf2e925,book-reviews-a4-redis-1,1,18846,redis-server,0.2528,7.9099999999998545,9596928,46088192,6
2026-09-17T02:42:12.2501657Z,9848c97527b3,book-reviews-a4-traefik-1,1,18847,traefik,0.1264,7.910000000000309,105381888,1437339648,17
2026-09-17T02:42:12.3651660Z,48f7e9560c08,book-reviews-a4-opensearch-1,1,18849,java,0.885,7.9099999999998545,1495523328,8906977280,127
2026-09-17T02:42:19.0022226Z,a42d74844cf7,book-reviews-a4-web-1,1,89546,ruby,0.5525,7.2400000000002365,136388608,769351680,11
2026-09-17T02:42:19.1192369Z,69b93e454d61,book-reviews-a4-static-1,1,70772,bundle,0,7.2400000000002365,35082240,994050048,9
2026-09-17T02:42:19.2341082Z,ca43277e8356,book-reviews-a4-db-1,1,18849,postgres,0.1383,7.230000000000018,27267072,178855936,1
2026-09-17T02:42:19.2341082Z,ca43277e8356,book-reviews-a4-db-1,27,18905,postgres,0,7.230000000000018,7208960,178950144,1
2026-09-17T02:42:19.2341082Z,ca43277e8356,book-reviews-a4-db-1,28,18905,postgres,0,7.230000000000018,6217728,178954240,1
2026-09-17T02:42:19.2341082Z,ca43277e8356,book-reviews-a4-db-1,38,19205,postgres,0,7.230000000000018,9453568,178921472,1
2026-09-17T02:42:19.2341082Z,ca43277e8356,book-reviews-a4-db-1,39,19205,postgres,0,7.230000000000018,8007680,180576256,1
2026-09-17T02:42:19.2341082Z,ca43277e8356,book-reviews-a4-db-1,40,19205,postgres,0,7.230000000000018,7081984,180494336,1
2026-09-17T02:42:19.2341082Z,ca43277e8356,book-reviews-a4-db-1,7951,185899,postgres,0,7.230000000000018,17014784,181997568,1
2026-09-17T02:42:19.3516742Z,87235cf2e925,book-reviews-a4-redis-1,1,18846,redis-server,0.4161,7.210000000000036,9596928,46088192,6
2026-09-17T02:42:19.4659632Z,9848c97527b3,book-reviews-a4-traefik-1,1,18847,traefik,0.4161,7.209999999999582,105381888,1437339648,17
2026-09-17T02:42:19.5838812Z,48f7e9560c08,book-reviews-a4-opensearch-1,1,18849,java,0.554,7.220000000000255,1495523328,8906977280,127
2026-09-17T02:42:26.9117768Z,a42d74844cf7,book-reviews-a4-web-1,1,89546,ruby,0.1266,7.899999999999636,136388608,769351680,11
2026-09-17T02:42:27.0367120Z,69b93e454d61,book-reviews-a4-static-1,1,70772,bundle,0,7.9099999999998545,35082240,994050048,9
2026-09-17T02:42:27.1448176Z,ca43277e8356,book-reviews-a4-db-1,1,18849,postgres,0,7.9099999999998545,27267072,178855936,1
2026-09-17T02:42:27.1448176Z,ca43277e8356,book-reviews-a4-db-1,27,18905,postgres,0,7.9099999999998545,7208960,178950144,1
2026-09-17T02:42:27.1448176Z,ca43277e8356,book-reviews-a4-db-1,28,18905,postgres,0,7.9099999999998545,6217728,178954240,1
2026-09-17T02:42:27.1448176Z,ca43277e8356,book-reviews-a4-db-1,38,19205,postgres,0,7.9099999999998545,9453568,178921472,1
2026-09-17T02:42:27.1448176Z,ca43277e8356,book-reviews-a4-db-1,39,19205,postgres,0,7.9099999999998545,8007680,180576256,1
2026-09-17T02:42:27.1448176Z,ca43277e8356,book-reviews-a4-db-1,40,19205,postgres,0,7.9099999999998545,7081984,180494336,1
2026-09-17T02:42:27.1448176Z,ca43277e8356,book-reviews-a4-db-1,7951,185899,postgres,0,7.9099999999998545,17014784,181997568,1
2026-09-17T02:42:27.2486920Z,87235cf2e925,book-reviews-a4-redis-1,1,18846,redis-server,0.2532,7.900000000000091,9596928,46088192,6
2026-09-17T02:42:27.3506841Z,9848c97527b3,book-reviews-a4-traefik-1,1,18847,traefik,0.2535,7.890000000000327,105381888,1437339648,17
2026-09-17T02:42:27.4591714Z,48f7e9560c08,book-reviews-a4-opensearch-1,1,18849,java,0.6345,7.879999999999654,1495523328,8906977280,127
2026-09-17T02:42:34.7264583Z,a42d74844cf7,book-reviews-a4-web-1,1,89546,ruby,0.1277,7.830000000000382,136388608,769351680,11
2026-09-17T02:42:34.8271118Z,69b93e454d61,book-reviews-a4-static-1,1,70772,bundle,0.1282,7.800000000000182,35082240,994050048,9
2026-09-17T02:42:34.9303743Z,ca43277e8356,book-reviews-a4-db-1,1,18849,postgres,0,7.789999999999964,27267072,178855936,1
2026-09-17T02:42:34.9303743Z,ca43277e8356,book-reviews-a4-db-1,27,18905,postgres,0,7.789999999999964,7208960,178950144,1
2026-09-17T02:42:34.9303743Z,ca43277e8356,book-reviews-a4-db-1,28,18905,postgres,0,7.789999999999964,6217728,178954240,1
2026-09-17T02:42:34.9303743Z,ca43277e8356,book-reviews-a4-db-1,38,19205,postgres,0,7.789999999999964,9453568,178921472,1
2026-09-17T02:42:34.9303743Z,ca43277e8356,book-reviews-a4-db-1,39,19205,postgres,0,7.789999999999964,8007680,180576256,1
2026-09-17T02:42:34.9303743Z,ca43277e8356,book-reviews-a4-db-1,40,19205,postgres,0,7.789999999999964,7081984,180494336,1
2026-09-17T02:42:34.9303743Z,ca43277e8356,book-reviews-a4-db-1,7951,185899,postgres,0,7.789999999999964,17014784,181997568,1
2026-09-17T02:42:35.0318528Z,87235cf2e925,book-reviews-a4-redis-1,1,18846,redis-server,0.3851,7.789999999999964,9596928,46088192,6
2026-09-17T02:42:35.1340208Z,9848c97527b3,book-reviews-a4-traefik-1,1,18847,traefik,0,7.789999999999964,105381888,1437339648,17
2026-09-17T02:42:35.2424185Z,48f7e9560c08,book-reviews-a4-opensearch-1,1,18849,java,0.7712,7.7800000000002,1495523328,8906977280,127
2026-09-17T02:42:42.5388332Z,a42d74844cf7,book-reviews-a4-web-1,1,89546,ruby,0.2561,7.809999999999945,136388608,769351680,11
2026-09-17T02:42:42.6405042Z,69b93e454d61,book-reviews-a4-static-1,1,70772,bundle,0,7.809999999999945,35082240,994050048,9
2026-09-17T02:42:42.7456281Z,ca43277e8356,book-reviews-a4-db-1,1,18849,postgres,0,7.809999999999945,27267072,178855936,1
2026-09-17T02:42:42.7456281Z,ca43277e8356,book-reviews-a4-db-1,27,18905,postgres,0,7.809999999999945,7208960,178950144,1
2026-09-17T02:42:42.7456281Z,ca43277e8356,book-reviews-a4-db-1,28,18905,postgres,0,7.809999999999945,6217728,178954240,1
2026-09-17T02:42:42.7456281Z,ca43277e8356,book-reviews-a4-db-1,38,19205,postgres,0,7.809999999999945,9453568,178921472,1
2026-09-17T02:42:42.7456281Z,ca43277e8356,book-reviews-a4-db-1,39,19205,postgres,0,7.809999999999945,8007680,180576256,1
2026-09-17T02:42:42.7456281Z,ca43277e8356,book-reviews-a4-db-1,40,19205,postgres,0,7.809999999999945,7081984,180494336,1
2026-09-17T02:42:42.7456281Z,ca43277e8356,book-reviews-a4-db-1,7951,185899,postgres,0.128,7.809999999999945,17014784,181997568,1
2026-09-17T02:42:42.8517185Z,87235cf2e925,book-reviews-a4-redis-1,1,18846,redis-server,0.2561,7.809999999999945,9596928,46088192,6
2026-09-17T02:42:42.9540016Z,9848c97527b3,book-reviews-a4-traefik-1,1,18847,traefik,0.3836,7.819999999999709,105381888,1437339648,17
2026-09-17T02:42:43.0626842Z,48f7e9560c08,book-reviews-a4-opensearch-1,1,18849,java,0.6394,7.820000000000164,1495523328,8906977280,127
2026-09-17T02:42:50.0201964Z,a42d74844cf7,book-reviews-a4-web-1,1,89546,ruby,0.1337,7.480000000000018,136388608,769351680,11
2026-09-17T02:42:50.1210643Z,69b93e454d61,book-reviews-a4-static-1,1,70772,bundle,0.1337,7.480000000000018,35082240,994050048,9
2026-09-17T02:42:50.2254946Z,ca43277e8356,book-reviews-a4-db-1,1,18849,postgres,0.1337,7.480000000000018,27267072,178855936,1
2026-09-17T02:42:50.2254946Z,ca43277e8356,book-reviews-a4-db-1,27,18905,postgres,0,7.480000000000018,7208960,178950144,1
2026-09-17T02:42:50.2254946Z,ca43277e8356,book-reviews-a4-db-1,28,18905,postgres,0,7.480000000000018,6217728,178954240,1
2026-09-17T02:42:50.2254946Z,ca43277e8356,book-reviews-a4-db-1,38,19205,postgres,0,7.480000000000018,9453568,178921472,1
2026-09-17T02:42:50.2254946Z,ca43277e8356,book-reviews-a4-db-1,39,19205,postgres,0,7.480000000000018,8007680,180576256,1
2026-09-17T02:42:50.2254946Z,ca43277e8356,book-reviews-a4-db-1,40,19205,postgres,0,7.480000000000018,7081984,180494336,1
2026-09-17T02:42:50.2254946Z,ca43277e8356,book-reviews-a4-db-1,7951,185899,postgres,0,7.480000000000018,17014784,181997568,1
2026-09-17T02:42:50.3246702Z,87235cf2e925,book-reviews-a4-redis-1,1,18846,redis-server,0.2674,7.480000000000018,9596928,46088192,6
2026-09-17T02:42:50.4256378Z,9848c97527b3,book-reviews-a4-traefik-1,1,18847,traefik,0.1339,7.470000000000255,105381888,1437339648,17
2026-09-17T02:42:50.5314342Z,48f7e9560c08,book-reviews-a4-opensearch-1,1,18849,java,0.6693,7.4699999999998,1495523328,8906977280,127
2026-09-17T02:42:57.8185685Z,a42d74844cf7,book-reviews-a4-web-1,1,89546,ruby,0.1282,7.799999999999727,136388608,769351680,11
2026-09-17T02:42:57.9246757Z,69b93e454d61,book-reviews-a4-static-1,1,70772,bundle,0,7.809999999999945,35082240,994050048,9
2026-09-17T02:42:58.0299135Z,ca43277e8356,book-reviews-a4-db-1,1,18849,postgres,0,7.809999999999945,27267072,178855936,1
2026-09-17T02:42:58.0299135Z,ca43277e8356,book-reviews-a4-db-1,27,18905,postgres,0,7.809999999999945,7208960,178950144,1
2026-09-17T02:42:58.0299135Z,ca43277e8356,book-reviews-a4-db-1,28,18905,postgres,0,7.809999999999945,6217728,178954240,1
2026-09-17T02:42:58.0299135Z,ca43277e8356,book-reviews-a4-db-1,38,19205,postgres,0,7.809999999999945,9453568,178921472,1
2026-09-17T02:42:58.0299135Z,ca43277e8356,book-reviews-a4-db-1,39,19205,postgres,0,7.809999999999945,8007680,180576256,1
2026-09-17T02:42:58.0299135Z,ca43277e8356,book-reviews-a4-db-1,40,19205,postgres,0,7.809999999999945,7081984,180494336,1
2026-09-17T02:42:58.0299135Z,ca43277e8356,book-reviews-a4-db-1,7951,185899,postgres,0,7.809999999999945,17014784,181997568,1
2026-09-17T02:42:58.1401342Z,87235cf2e925,book-reviews-a4-redis-1,1,18846,redis-server,0.3841,7.809999999999945,9596928,46088192,6
2026-09-17T02:42:58.2476105Z,9848c97527b3,book-reviews-a4-traefik-1,1,18847,traefik,0.1279,7.820000000000164,105381888,1437339648,17
2026-09-17T02:42:58.3537608Z,48f7e9560c08,book-reviews-a4-opensearch-1,1,18849,java,0.7663,7.829999999999927,1495523328,8906977280,127
2026-09-17T02:43:05.6215959Z,a42d74844cf7,book-reviews-a4-web-1,1,89546,ruby,0.128,7.809999999999945,136388608,769351680,11
2026-09-17T02:43:05.7248909Z,69b93e454d61,book-reviews-a4-static-1,1,70772,bundle,0,7.800000000000182,35082240,994050048,9
2026-09-17T02:43:05.8400469Z,ca43277e8356,book-reviews-a4-db-1,1,18849,postgres,0,7.800000000000182,27267072,178855936,1
2026-09-17T02:43:05.8400469Z,ca43277e8356,book-reviews-a4-db-1,27,18905,postgres,0,7.800000000000182,7208960,178950144,1
2026-09-17T02:43:05.8400469Z,ca43277e8356,book-reviews-a4-db-1,28,18905,postgres,0,7.800000000000182,6217728,178954240,1
2026-09-17T02:43:05.8400469Z,ca43277e8356,book-reviews-a4-db-1,38,19205,postgres,0,7.800000000000182,9453568,178921472,1
2026-09-17T02:43:05.8400469Z,ca43277e8356,book-reviews-a4-db-1,39,19205,postgres,0,7.800000000000182,8007680,180576256,1
2026-09-17T02:43:05.8400469Z,ca43277e8356,book-reviews-a4-db-1,40,19205,postgres,0,7.800000000000182,7081984,180494336,1
2026-09-17T02:43:05.8400469Z,ca43277e8356,book-reviews-a4-db-1,7951,185899,postgres,0,7.800000000000182,17014784,181997568,1
2026-09-17T02:43:05.9659851Z,87235cf2e925,book-reviews-a4-redis-1,1,18846,redis-server,0.2554,7.829999999999927,9596928,46088192,6
2026-09-17T02:43:06.0867517Z,9848c97527b3,book-reviews-a4-traefik-1,1,18847,traefik,0.1279,7.819999999999709,105381888,1437339648,17
2026-09-17T02:43:06.1891148Z,48f7e9560c08,book-reviews-a4-opensearch-1,1,18849,java,0.6386,7.829999999999927,1495523328,8906977280,127
2026-09-17T02:43:13.4480764Z,a42d74844cf7,book-reviews-a4-web-1,1,89546,ruby,0.2558,7.820000000000164,136388608,769351680,11
2026-09-17T02:43:13.5361363Z,69b93e454d61,book-reviews-a4-static-1,1,70772,bundle,0,7.809999999999945,35082240,994050048,9
2026-09-17T02:43:13.6301489Z,ca43277e8356,book-reviews-a4-db-1,1,18849,postgres,0,7.799999999999727,27267072,178855936,1
2026-09-17T02:43:13.6301489Z,ca43277e8356,book-reviews-a4-db-1,27,18905,postgres,0,7.799999999999727,7208960,178950144,1
2026-09-17T02:43:13.6301489Z,ca43277e8356,book-reviews-a4-db-1,28,18905,postgres,0,7.799999999999727,6217728,178954240,1
2026-09-17T02:43:13.6301489Z,ca43277e8356,book-reviews-a4-db-1,38,19205,postgres,0,7.799999999999727,9453568,178921472,1
2026-09-17T02:43:13.6301489Z,ca43277e8356,book-reviews-a4-db-1,39,19205,postgres,0,7.799999999999727,8007680,180576256,1
2026-09-17T02:43:13.6301489Z,ca43277e8356,book-reviews-a4-db-1,40,19205,postgres,0,7.799999999999727,7081984,180494336,1
2026-09-17T02:43:13.6301489Z,ca43277e8356,book-reviews-a4-db-1,7951,185899,postgres,0,7.799999999999727,17014784,181997568,1
2026-09-17T02:43:13.7242317Z,87235cf2e925,book-reviews-a4-redis-1,1,18846,redis-server,0.3866,7.760000000000218,9596928,46088192,6
2026-09-17T02:43:13.8142546Z,9848c97527b3,book-reviews-a4-traefik-1,1,18847,traefik,0.3871,7.75,105381888,1437339648,17
2026-09-17T02:43:13.9092623Z,48f7e9560c08,book-reviews-a4-opensearch-1,1,18849,java,0.6477,7.720000000000255,1495523328,8906977280,127
2026-09-17T02:43:21.1399642Z,a42d74844cf7,book-reviews-a4-web-1,1,89546,ruby,0.1299,7.699999999999818,136241152,769351680,11
2026-09-17T02:43:21.2347590Z,69b93e454d61,book-reviews-a4-static-1,1,70772,bundle,0.1299,7.699999999999818,35082240,994050048,9
2026-09-17T02:43:21.3332596Z,ca43277e8356,book-reviews-a4-db-1,1,18849,postgres,0.1299,7.700000000000273,27267072,178855936,1
2026-09-17T02:43:21.3332596Z,ca43277e8356,book-reviews-a4-db-1,27,18905,postgres,0,7.700000000000273,7208960,178950144,1
2026-09-17T02:43:21.3332596Z,ca43277e8356,book-reviews-a4-db-1,28,18905,postgres,0,7.700000000000273,6217728,178954240,1
2026-09-17T02:43:21.3332596Z,ca43277e8356,book-reviews-a4-db-1,38,19205,postgres,0,7.700000000000273,9453568,178921472,1
2026-09-17T02:43:21.3332596Z,ca43277e8356,book-reviews-a4-db-1,39,19205,postgres,0,7.700000000000273,8007680,180576256,1
2026-09-17T02:43:21.3332596Z,ca43277e8356,book-reviews-a4-db-1,40,19205,postgres,0,7.700000000000273,7081984,180494336,1
2026-09-17T02:43:21.3332596Z,ca43277e8356,book-reviews-a4-db-1,7951,185899,postgres,0,7.700000000000273,17014784,181997568,1
2026-09-17T02:43:21.4309034Z,87235cf2e925,book-reviews-a4-redis-1,1,18846,redis-server,0.2594,7.709999999999582,9596928,46088192,6
2026-09-17T02:43:21.5188475Z,9848c97527b3,book-reviews-a4-traefik-1,1,18847,traefik,0.1297,7.710000000000036,105381888,1437339648,17
2026-09-17T02:43:21.6111567Z,48f7e9560c08,book-reviews-a4-opensearch-1,1,18849,java,0.7782,7.710000000000036,1495523328,8906977280,127
2026-09-17T02:43:28.0114234Z,a42d74844cf7,book-reviews-a4-web-1,1,89546,ruby,0,6.870000000000346,136241152,769351680,11
2026-09-17T02:43:28.1017481Z,69b93e454d61,book-reviews-a4-static-1,1,70772,bundle,0,6.869999999999891,35082240,994050048,9
2026-09-17T02:43:28.1976464Z,ca43277e8356,book-reviews-a4-db-1,1,18849,postgres,0,6.869999999999891,27267072,178855936,1
2026-09-17T02:43:28.1976464Z,ca43277e8356,book-reviews-a4-db-1,27,18905,postgres,0,6.869999999999891,7208960,178950144,1
2026-09-17T02:43:28.1976464Z,ca43277e8356,book-reviews-a4-db-1,28,18905,postgres,0,6.869999999999891,6217728,178954240,1
2026-09-17T02:43:28.1976464Z,ca43277e8356,book-reviews-a4-db-1,38,19205,postgres,0,6.869999999999891,9453568,178921472,1
2026-09-17T02:43:28.1976464Z,ca43277e8356,book-reviews-a4-db-1,39,19205,postgres,0,6.869999999999891,8007680,180576256,1
2026-09-17T02:43:28.1976464Z,ca43277e8356,book-reviews-a4-db-1,40,19205,postgres,0,6.869999999999891,7081984,180494336,1
2026-09-17T02:43:28.1976464Z,ca43277e8356,book-reviews-a4-db-1,7951,185899,postgres,0,6.869999999999891,17014784,181997568,1
2026-09-17T02:43:28.2952898Z,87235cf2e925,book-reviews-a4-redis-1,1,18846,redis-server,0.2915,6.860000000000127,9596928,46088192,6
2026-09-17T02:43:28.3915974Z,9848c97527b3,book-reviews-a4-traefik-1,1,18847,traefik,0.2911,6.869999999999891,105512960,1437339648,17
2026-09-17T02:43:28.4913927Z,48f7e9560c08,book-reviews-a4-opensearch-1,1,18849,java,0.5822,6.869999999999891,1495523328,8906977280,127
2026-09-17T02:43:35.7251582Z,a42d74844cf7,book-reviews-a4-web-1,1,89546,ruby,0.2594,7.710000000000036,136241152,769351680,11
2026-09-17T02:43:35.8240914Z,69b93e454d61,book-reviews-a4-static-1,1,70772,bundle,0,7.720000000000255,35082240,994050048,9
2026-09-17T02:43:35.9352631Z,ca43277e8356,book-reviews-a4-db-1,1,18849,postgres,0,7.739999999999782,27267072,178855936,1
2026-09-17T02:43:35.9352631Z,ca43277e8356,book-reviews-a4-db-1,27,18905,postgres,0,7.739999999999782,7208960,178950144,1
2026-09-17T02:43:35.9352631Z,ca43277e8356,book-reviews-a4-db-1,28,18905,postgres,0,7.739999999999782,6217728,178954240,1
2026-09-17T02:43:35.9352631Z,ca43277e8356,book-reviews-a4-db-1,38,19205,postgres,0,7.739999999999782,9453568,178921472,1
2026-09-17T02:43:35.9352631Z,ca43277e8356,book-reviews-a4-db-1,39,19205,postgres,0,7.739999999999782,8007680,180576256,1
2026-09-17T02:43:35.9352631Z,ca43277e8356,book-reviews-a4-db-1,40,19205,postgres,0,7.739999999999782,7081984,180494336,1
2026-09-17T02:43:35.9352631Z,ca43277e8356,book-reviews-a4-db-1,7951,185899,postgres,0,7.739999999999782,17014784,181997568,1
2026-09-17T02:43:36.0281525Z,87235cf2e925,book-reviews-a4-redis-1,1,18846,redis-server,0.2584,7.7400000000002365,9596928,46088192,6
2026-09-17T02:43:36.1185748Z,9848c97527b3,book-reviews-a4-traefik-1,1,18847,traefik,0.1294,7.730000000000018,105512960,1437339648,17
2026-09-17T02:43:36.2091440Z,48f7e9560c08,book-reviews-a4-opensearch-1,1,18849,java,0.5181,7.7199999999998,1495523328,8906977280,127
2026-09-17T02:43:43.4601082Z,a42d74844cf7,book-reviews-a4-web-1,1,89546,ruby,0.2584,7.739999999999782,136372224,769351680,11
2026-09-17T02:43:43.5562900Z,69b93e454d61,book-reviews-a4-static-1,1,70772,bundle,0,7.730000000000018,35082240,994050048,9
2026-09-17T02:43:43.6519861Z,ca43277e8356,book-reviews-a4-db-1,1,18849,postgres,0,7.710000000000036,27267072,178855936,1
2026-09-17T02:43:43.6519861Z,ca43277e8356,book-reviews-a4-db-1,27,18905,postgres,0,7.710000000000036,7208960,178950144,1
2026-09-17T02:43:43.6519861Z,ca43277e8356,book-reviews-a4-db-1,28,18905,postgres,0,7.710000000000036,6217728,178954240,1
2026-09-17T02:43:43.6519861Z,ca43277e8356,book-reviews-a4-db-1,38,19205,postgres,0,7.710000000000036,9453568,178921472,1
2026-09-17T02:43:43.6519861Z,ca43277e8356,book-reviews-a4-db-1,39,19205,postgres,0,7.710000000000036,8007680,180576256,1
2026-09-17T02:43:43.6519861Z,ca43277e8356,book-reviews-a4-db-1,40,19205,postgres,0,7.710000000000036,7081984,180494336,1
2026-09-17T02:43:43.6519861Z,ca43277e8356,book-reviews-a4-db-1,7951,185899,postgres,0.1297,7.710000000000036,17014784,181997568,1
2026-09-17T02:43:43.7447027Z,87235cf2e925,book-reviews-a4-redis-1,1,18846,redis-server,0.2594,7.710000000000036,9596928,46088192,6
2026-09-17T02:43:43.8329268Z,9848c97527b3,book-reviews-a4-traefik-1,1,18847,traefik,0.2594,7.710000000000036,105512960,1437339648,17
2026-09-17T02:43:43.9268927Z,48f7e9560c08,book-reviews-a4-opensearch-1,1,18849,java,0.6477,7.720000000000255,1495523328,8906977280,127
2026-09-17T02:43:51.1752103Z,a42d74844cf7,book-reviews-a4-web-1,1,89546,ruby,0.1297,7.710000000000036,136372224,769351680,11
2026-09-17T02:43:51.2680878Z,69b93e454d61,book-reviews-a4-static-1,1,70772,bundle,0.1295,7.7199999999998,35082240,994050048,9
2026-09-17T02:43:51.3686608Z,ca43277e8356,book-reviews-a4-db-1,1,18849,postgres,0,7.720000000000255,27267072,178855936,1
2026-09-17T02:43:51.3686608Z,ca43277e8356,book-reviews-a4-db-1,27,18905,postgres,0,7.720000000000255,7208960,178950144,1
2026-09-17T02:43:51.3686608Z,ca43277e8356,book-reviews-a4-db-1,28,18905,postgres,0,7.720000000000255,6217728,178954240,1
2026-09-17T02:43:51.3686608Z,ca43277e8356,book-reviews-a4-db-1,38,19205,postgres,0,7.720000000000255,9453568,178921472,1
2026-09-17T02:43:51.3686608Z,ca43277e8356,book-reviews-a4-db-1,39,19205,postgres,0,7.720000000000255,8007680,180576256,1
2026-09-17T02:43:51.3686608Z,ca43277e8356,book-reviews-a4-db-1,40,19205,postgres,0,7.720000000000255,7081984,180494336,1
2026-09-17T02:43:51.3686608Z,ca43277e8356,book-reviews-a4-db-1,7951,185899,postgres,0,7.720000000000255,17014784,181997568,1
2026-09-17T02:43:51.4657372Z,87235cf2e925,book-reviews-a4-redis-1,1,18846,redis-server,0.3886,7.7199999999998,9596928,46088192,6
2026-09-17T02:43:51.5606352Z,9848c97527b3,book-reviews-a4-traefik-1,1,18847,traefik,0.1294,7.730000000000018,105512960,1437339648,17
2026-09-17T02:43:51.6608930Z,48f7e9560c08,book-reviews-a4-opensearch-1,1,18849,java,5.4264,7.739999999999782,1495654400,8906977280,127
2026-09-17T02:43:58.1434945Z,a42d74844cf7,book-reviews-a4-web-1,1,89546,ruby,0.1435,6.9699999999998,136372224,769351680,11
2026-09-17T02:43:58.2375599Z,69b93e454d61,book-reviews-a4-static-1,1,70772,bundle,0,6.960000000000036,35082240,994050048,9
2026-09-17T02:43:58.3346990Z,ca43277e8356,book-reviews-a4-db-1,1,18849,postgres,0.1435,6.9699999999998,27267072,178855936,1
2026-09-17T02:43:58.3346990Z,ca43277e8356,book-reviews-a4-db-1,27,18905,postgres,0,6.9699999999998,7208960,178950144,1
2026-09-17T02:43:58.3346990Z,ca43277e8356,book-reviews-a4-db-1,28,18905,postgres,0,6.9699999999998,6217728,178954240,1
2026-09-17T02:43:58.3346990Z,ca43277e8356,book-reviews-a4-db-1,38,19205,postgres,0,6.9699999999998,9453568,178921472,1
2026-09-17T02:43:58.3346990Z,ca43277e8356,book-reviews-a4-db-1,39,19205,postgres,0,6.9699999999998,8007680,180576256,1
2026-09-17T02:43:58.3346990Z,ca43277e8356,book-reviews-a4-db-1,40,19205,postgres,0,6.9699999999998,7081984,180494336,1
2026-09-17T02:43:58.3346990Z,ca43277e8356,book-reviews-a4-db-1,7951,185899,postgres,0,6.9699999999998,17014784,181997568,1
2026-09-17T02:43:58.4322744Z,87235cf2e925,book-reviews-a4-redis-1,1,18846,redis-server,0.2869,6.9699999999998,9596928,46088192,6
2026-09-17T02:43:58.5253624Z,9848c97527b3,book-reviews-a4-traefik-1,1,18847,traefik,0.2874,6.960000000000036,105512960,1437339648,17
2026-09-17T02:43:58.6303104Z,48f7e9560c08,book-reviews-a4-opensearch-1,1,18849,java,0.5747,6.960000000000036,1495654400,8906977280,127
2026-09-17T02:44:05.8890299Z,a42d74844cf7,book-reviews-a4-web-1,1,89546,ruby,0,7.7400000000002365,136503296,769351680,11
2026-09-17T02:44:06.0012435Z,69b93e454d61,book-reviews-a4-static-1,1,70772,bundle,0,7.769999999999982,35082240,994050048,9
2026-09-17T02:44:06.1281824Z,ca43277e8356,book-reviews-a4-db-1,1,18849,postgres,0,7.760000000000218,27267072,178855936,1
2026-09-17T02:44:06.1281824Z,ca43277e8356,book-reviews-a4-db-1,27,18905,postgres,0,7.760000000000218,7208960,178950144,1
2026-09-17T02:44:06.1281824Z,ca43277e8356,book-reviews-a4-db-1,28,18905,postgres,0,7.760000000000218,6217728,178954240,1
2026-09-17T02:44:06.1281824Z,ca43277e8356,book-reviews-a4-db-1,38,19205,postgres,0,7.760000000000218,9453568,178921472,1
2026-09-17T02:44:06.1281824Z,ca43277e8356,book-reviews-a4-db-1,39,19205,postgres,0,7.760000000000218,8007680,180576256,1
2026-09-17T02:44:06.1281824Z,ca43277e8356,book-reviews-a4-db-1,40,19205,postgres,0,7.760000000000218,7081984,180494336,1
2026-09-17T02:44:06.1281824Z,ca43277e8356,book-reviews-a4-db-1,7951,185899,postgres,0,7.760000000000218,17014784,181997568,1
2026-09-17T02:44:06.2388576Z,87235cf2e925,book-reviews-a4-redis-1,1,18846,redis-server,0.2561,7.8100000000004,9596928,46088192,6
2026-09-17T02:44:06.3374012Z,9848c97527b3,book-reviews-a4-traefik-1,1,18847,traefik,0.128,7.809999999999945,105512960,1437339648,17
2026-09-17T02:44:06.4366125Z,48f7e9560c08,book-reviews-a4-opensearch-1,1,18849,java,0.6402,7.809999999999945,1495654400,8906977280,127
2026-09-17T02:44:13.6796005Z,a42d74844cf7,book-reviews-a4-web-1,1,89546,ruby,0.3846,7.799999999999727,136503296,769351680,11
2026-09-17T02:44:13.7769824Z,69b93e454d61,book-reviews-a4-static-1,1,70772,bundle,0,7.769999999999982,35082240,994050048,9
2026-09-17T02:44:13.8737825Z,ca43277e8356,book-reviews-a4-db-1,1,18849,postgres,0,7.779999999999745,27267072,178855936,1
2026-09-17T02:44:13.8737825Z,ca43277e8356,book-reviews-a4-db-1,27,18905,postgres,0,7.779999999999745,7208960,178950144,1
2026-09-17T02:44:13.8737825Z,ca43277e8356,book-reviews-a4-db-1,28,18905,postgres,0,7.779999999999745,6217728,178954240,1
2026-09-17T02:44:13.8737825Z,ca43277e8356,book-reviews-a4-db-1,38,19205,postgres,0,7.779999999999745,9453568,178921472,1
2026-09-17T02:44:13.8737825Z,ca43277e8356,book-reviews-a4-db-1,39,19205,postgres,0,7.779999999999745,8007680,180576256,1
2026-09-17T02:44:13.8737825Z,ca43277e8356,book-reviews-a4-db-1,40,19205,postgres,0,7.779999999999745,7081984,180494336,1
2026-09-17T02:44:13.8737825Z,ca43277e8356,book-reviews-a4-db-1,7951,185899,postgres,0,7.779999999999745,17145856,182079488,1
2026-09-17T02:44:13.9717165Z,87235cf2e925,book-reviews-a4-redis-1,1,18846,redis-server,0.2587,7.730000000000018,9596928,46088192,6
2026-09-17T02:44:14.0665627Z,9848c97527b3,book-reviews-a4-traefik-1,1,18847,traefik,0.2587,7.730000000000018,105512960,1437339648,17
2026-09-17T02:44:14.1693783Z,48f7e9560c08,book-reviews-a4-opensearch-1,1,18849,java,0.6468,7.730000000000018,1495654400,8906977280,127
2026-09-17T02:44:21.4181425Z,a42d74844cf7,book-reviews-a4-web-1,1,89546,ruby,0.1292,7.7400000000002365,136503296,769351680,11
2026-09-17T02:44:21.5059913Z,69b93e454d61,book-reviews-a4-static-1,1,70772,bundle,0.1294,7.730000000000018,35082240,994050048,9
2026-09-17T02:44:21.6057691Z,ca43277e8356,book-reviews-a4-db-1,1,18849,postgres,0,7.730000000000018,27267072,178855936,1
2026-09-17T02:44:21.6057691Z,ca43277e8356,book-reviews-a4-db-1,27,18905,postgres,0,7.730000000000018,7208960,178950144,1
2026-09-17T02:44:21.6057691Z,ca43277e8356,book-reviews-a4-db-1,28,18905,postgres,0,7.730000000000018,6217728,178954240,1
2026-09-17T02:44:21.6057691Z,ca43277e8356,book-reviews-a4-db-1,38,19205,postgres,0,7.730000000000018,9453568,178921472,1
2026-09-17T02:44:21.6057691Z,ca43277e8356,book-reviews-a4-db-1,39,19205,postgres,0,7.730000000000018,8007680,180576256,1
2026-09-17T02:44:21.6057691Z,ca43277e8356,book-reviews-a4-db-1,40,19205,postgres,0,7.730000000000018,7081984,180494336,1
2026-09-17T02:44:21.6057691Z,ca43277e8356,book-reviews-a4-db-1,7951,185899,postgres,0,7.730000000000018,17145856,182079488,1
2026-09-17T02:44:21.7089118Z,87235cf2e925,book-reviews-a4-redis-1,1,18846,redis-server,0.2584,7.739999999999782,9596928,46088192,6
2026-09-17T02:44:21.8055626Z,9848c97527b3,book-reviews-a4-traefik-1,1,18847,traefik,0.1292,7.7400000000002365,105512960,1437339648,17
2026-09-17T02:44:21.9065126Z,48f7e9560c08,book-reviews-a4-opensearch-1,1,18849,java,0.646,7.7400000000002365,1495654400,8906977280,127
2026-09-17T02:44:29.0485573Z,a42d74844cf7,book-reviews-a4-web-1,1,89546,ruby,0.1311,7.630000000000109,136503296,769351680,11
2026-09-17T02:44:29.1368956Z,69b93e454d61,book-reviews-a4-static-1,1,70772,bundle,0,7.639999999999873,35082240,994050048,9
2026-09-17T02:44:29.2393613Z,ca43277e8356,book-reviews-a4-db-1,1,18849,postgres,0.1311,7.630000000000109,27267072,178855936,1
2026-09-17T02:44:29.2393613Z,ca43277e8356,book-reviews-a4-db-1,27,18905,postgres,0,7.630000000000109,7208960,178950144,1
2026-09-17T02:44:29.2393613Z,ca43277e8356,book-reviews-a4-db-1,28,18905,postgres,0,7.630000000000109,6217728,178954240,1
2026-09-17T02:44:29.2393613Z,ca43277e8356,book-reviews-a4-db-1,38,19205,postgres,0,7.630000000000109,9453568,178921472,1
2026-09-17T02:44:29.2393613Z,ca43277e8356,book-reviews-a4-db-1,39,19205,postgres,0,7.630000000000109,8007680,180576256,1
2026-09-17T02:44:29.2393613Z,ca43277e8356,book-reviews-a4-db-1,40,19205,postgres,0,7.630000000000109,7081984,180494336,1
2026-09-17T02:44:29.2393613Z,ca43277e8356,book-reviews-a4-db-1,7951,185899,postgres,0,7.630000000000109,17145856,182079488,1
2026-09-17T02:44:29.3391887Z,87235cf2e925,book-reviews-a4-redis-1,1,18846,redis-server,0.3932,7.630000000000109,9596928,46088192,6
2026-09-17T02:44:29.4358457Z,9848c97527b3,book-reviews-a4-traefik-1,1,18847,traefik,0.2618,7.639999999999873,105512960,1437339648,17
2026-09-17T02:44:29.5241311Z,48f7e9560c08,book-reviews-a4-opensearch-1,1,18849,java,0.5249,7.619999999999891,1495654400,8906977280,127
2026-09-17T02:44:36.7912866Z,a42d74844cf7,book-reviews-a4-web-1,1,89546,ruby,0,7.739999999999782,136503296,769351680,11
2026-09-17T02:44:36.8956999Z,69b93e454d61,book-reviews-a4-static-1,1,70772,bundle,0,7.75,35082240,994050048,9
2026-09-17T02:44:36.9950533Z,ca43277e8356,book-reviews-a4-db-1,1,18849,postgres,0,7.760000000000218,27267072,178855936,1
2026-09-17T02:44:36.9950533Z,ca43277e8356,book-reviews-a4-db-1,27,18905,postgres,0,7.760000000000218,7208960,178950144,1
2026-09-17T02:44:36.9950533Z,ca43277e8356,book-reviews-a4-db-1,28,18905,postgres,0,7.760000000000218,6217728,178954240,1
2026-09-17T02:44:36.9950533Z,ca43277e8356,book-reviews-a4-db-1,38,19205,postgres,0,7.760000000000218,9453568,178921472,1
2026-09-17T02:44:36.9950533Z,ca43277e8356,book-reviews-a4-db-1,39,19205,postgres,0,7.760000000000218,8007680,180576256,1
2026-09-17T02:44:36.9950533Z,ca43277e8356,book-reviews-a4-db-1,40,19205,postgres,0,7.760000000000218,7081984,180494336,1
2026-09-17T02:44:36.9950533Z,ca43277e8356,book-reviews-a4-db-1,7951,185899,postgres,0,7.760000000000218,17145856,182079488,1
2026-09-17T02:44:37.0959626Z,87235cf2e925,book-reviews-a4-redis-1,1,18846,redis-server,0.3871,7.75,9596928,46088192,6
2026-09-17T02:44:37.1913124Z,9848c97527b3,book-reviews-a4-traefik-1,1,18847,traefik,0.129,7.75,105512960,1437339648,17
2026-09-17T02:44:37.3018223Z,48f7e9560c08,book-reviews-a4-opensearch-1,1,18849,java,0.9009,7.769999999999982,1495654400,8906977280,127
2026-09-17T02:44:44.5611736Z,a42d74844cf7,book-reviews-a4-web-1,1,89546,ruby,0.3861,7.769999999999982,136765440,769351680,11
2026-09-17T02:44:44.6714981Z,69b93e454d61,book-reviews-a4-static-1,1,70772,bundle,0,7.769999999999982,35082240,994050048,9
2026-09-17T02:44:44.7740037Z,ca43277e8356,book-reviews-a4-db-1,1,18849,postgres,0,7.779999999999745,27267072,178855936,1
2026-09-17T02:44:44.7740037Z,ca43277e8356,book-reviews-a4-db-1,27,18905,postgres,0,7.779999999999745,7208960,178950144,1
2026-09-17T02:44:44.7740037Z,ca43277e8356,book-reviews-a4-db-1,28,18905,postgres,0,7.779999999999745,6217728,178954240,1
2026-09-17T02:44:44.7740037Z,ca43277e8356,book-reviews-a4-db-1,38,19205,postgres,0,7.779999999999745,9453568,178921472,1
2026-09-17T02:44:44.7740037Z,ca43277e8356,book-reviews-a4-db-1,39,19205,postgres,0,7.779999999999745,8007680,180576256,1
2026-09-17T02:44:44.7740037Z,ca43277e8356,book-reviews-a4-db-1,40,19205,postgres,0,7.779999999999745,7081984,180494336,1
2026-09-17T02:44:44.7740037Z,ca43277e8356,book-reviews-a4-db-1,7951,185899,postgres,0.1285,7.779999999999745,17145856,182079488,1
2026-09-17T02:44:44.8824180Z,87235cf2e925,book-reviews-a4-redis-1,1,18846,redis-server,0.2567,7.789999999999964,9596928,46088192,6
2026-09-17T02:44:44.9838139Z,9848c97527b3,book-reviews-a4-traefik-1,1,18847,traefik,0.2567,7.789999999999964,105512960,1437339648,17
2026-09-17T02:44:45.0888331Z,48f7e9560c08,book-reviews-a4-opensearch-1,1,18849,java,0.7692,7.800000000000182,1495654400,8906977280,127
2026-09-17T02:44:52.3568710Z,a42d74844cf7,book-reviews-a4-web-1,1,89546,ruby,0.1282,7.800000000000182,136896512,769351680,11
2026-09-17T02:44:52.4602991Z,69b93e454d61,book-reviews-a4-static-1,1,70772,bundle,0.1282,7.800000000000182,35082240,994050048,9
2026-09-17T02:44:52.5702920Z,ca43277e8356,book-reviews-a4-db-1,1,18849,postgres,0,7.789999999999964,27267072,178855936,1
2026-09-17T02:44:52.5702920Z,ca43277e8356,book-reviews-a4-db-1,27,18905,postgres,0,7.789999999999964,7208960,178950144,1
2026-09-17T02:44:52.5702920Z,ca43277e8356,book-reviews-a4-db-1,28,18905,postgres,0,7.789999999999964,6217728,178954240,1
2026-09-17T02:44:52.5702920Z,ca43277e8356,book-reviews-a4-db-1,38,19205,postgres,0,7.789999999999964,9453568,178921472,1
2026-09-17T02:44:52.5702920Z,ca43277e8356,book-reviews-a4-db-1,39,19205,postgres,0,7.789999999999964,8007680,180576256,1
2026-09-17T02:44:52.5702920Z,ca43277e8356,book-reviews-a4-db-1,40,19205,postgres,0,7.789999999999964,7081984,180494336,1
2026-09-17T02:44:52.5702920Z,ca43277e8356,book-reviews-a4-db-1,7951,185899,postgres,0,7.789999999999964,17145856,182079488,1
2026-09-17T02:44:52.6730530Z,87235cf2e925,book-reviews-a4-redis-1,1,18846,redis-server,0.2567,7.789999999999964,9596928,46088192,6
2026-09-17T02:44:52.7683344Z,9848c97527b3,book-reviews-a4-traefik-1,1,18847,traefik,0.2567,7.789999999999964,105512960,1437339648,17
2026-09-17T02:44:52.8737344Z,48f7e9560c08,book-reviews-a4-opensearch-1,1,18849,java,0.5141,7.779999999999745,1495654400,8906977280,127
2026-09-17T02:45:00.0884985Z,a42d74844cf7,book-reviews-a4-web-1,1,89546,ruby,0,7.730000000000018,136896512,769351680,11
2026-09-17T02:45:00.1889776Z,69b93e454d61,book-reviews-a4-static-1,1,70772,bundle,0,7.730000000000018,35082240,994050048,9
2026-09-17T02:45:00.2926718Z,ca43277e8356,book-reviews-a4-db-1,1,18849,postgres,0,7.730000000000018,27267072,178855936,1
2026-09-17T02:45:00.2926718Z,ca43277e8356,book-reviews-a4-db-1,27,18905,postgres,0,7.730000000000018,7208960,178950144,1
2026-09-17T02:45:00.2926718Z,ca43277e8356,book-reviews-a4-db-1,28,18905,postgres,0,7.730000000000018,6217728,178954240,1
2026-09-17T02:45:00.2926718Z,ca43277e8356,book-reviews-a4-db-1,38,19205,postgres,0,7.730000000000018,9453568,178921472,1
2026-09-17T02:45:00.2926718Z,ca43277e8356,book-reviews-a4-db-1,39,19205,postgres,0,7.730000000000018,8007680,180576256,1
2026-09-17T02:45:00.2926718Z,ca43277e8356,book-reviews-a4-db-1,40,19205,postgres,0,7.730000000000018,7081984,180494336,1
2026-09-17T02:45:00.2926718Z,ca43277e8356,book-reviews-a4-db-1,7951,185899,postgres,0,7.730000000000018,17145856,182079488,1
2026-09-17T02:45:00.3951755Z,87235cf2e925,book-reviews-a4-redis-1,1,18846,redis-server,0.2591,7.7199999999998,9596928,46088192,6
2026-09-17T02:45:00.4864859Z,9848c97527b3,book-reviews-a4-traefik-1,1,18847,traefik,0,7.720000000000255,105512960,1437339648,17
2026-09-17T02:45:00.5855014Z,48f7e9560c08,book-reviews-a4-opensearch-1,1,18849,java,0.7782,7.710000000000036,1495654400,8906977280,127
2026-09-17T02:45:07.8488926Z,a42d74844cf7,book-reviews-a4-web-1,1,89546,ruby,0.2577,7.7599999999997635,136896512,769351680,11
2026-09-17T02:45:07.9485451Z,69b93e454d61,book-reviews-a4-static-1,1,70772,bundle,0,7.7599999999997635,35082240,994050048,9
2026-09-17T02:45:08.0498338Z,ca43277e8356,book-reviews-a4-db-1,1,18849,postgres,0.129,7.75,27267072,178855936,1
2026-09-17T02:45:08.0498338Z,ca43277e8356,book-reviews-a4-db-1,27,18905,postgres,0,7.75,7208960,178950144,1
2026-09-17T02:45:08.0498338Z,ca43277e8356,book-reviews-a4-db-1,28,18905,postgres,0,7.75,6217728,178954240,1
2026-09-17T02:45:08.0498338Z,ca43277e8356,book-reviews-a4-db-1,38,19205,postgres,0,7.75,9453568,178921472,1
2026-09-17T02:45:08.0498338Z,ca43277e8356,book-reviews-a4-db-1,39,19205,postgres,0,7.75,8007680,180576256,1
2026-09-17T02:45:08.0498338Z,ca43277e8356,book-reviews-a4-db-1,40,19205,postgres,0,7.75,7081984,180494336,1
2026-09-17T02:45:08.0498338Z,ca43277e8356,book-reviews-a4-db-1,7951,185899,postgres,0,7.75,17145856,182079488,1
2026-09-17T02:45:08.1500786Z,87235cf2e925,book-reviews-a4-redis-1,1,18846,redis-server,0.3866,7.760000000000218,9596928,46088192,6
2026-09-17T02:45:08.2450963Z,9848c97527b3,book-reviews-a4-traefik-1,1,18847,traefik,0.2581,7.75,105512960,1437339648,17
2026-09-17T02:45:08.3437314Z,48f7e9560c08,book-reviews-a4-opensearch-1,1,18849,java,0.9021,7.760000000000218,1495654400,8906977280,127
2026-09-17T02:45:15.6240019Z,a42d74844cf7,book-reviews-a4-web-1,1,89546,ruby,0.2574,7.769999999999982,136884224,769351680,11
2026-09-17T02:45:15.7254761Z,69b93e454d61,book-reviews-a4-static-1,1,70772,bundle,0,7.7800000000002,35082240,994050048,9
2026-09-17T02:45:15.8228699Z,ca43277e8356,book-reviews-a4-db-1,1,18849,postgres,0,7.7800000000002,27267072,178855936,1
2026-09-17T02:45:15.8228699Z,ca43277e8356,book-reviews-a4-db-1,27,18905,postgres,0,7.7800000000002,7208960,178950144,1
2026-09-17T02:45:15.8228699Z,ca43277e8356,book-reviews-a4-db-1,28,18905,postgres,0,7.7800000000002,6217728,178954240,1
2026-09-17T02:45:15.8228699Z,ca43277e8356,book-reviews-a4-db-1,38,19205,postgres,0,7.7800000000002,9453568,178921472,1
2026-09-17T02:45:15.8228699Z,ca43277e8356,book-reviews-a4-db-1,39,19205,postgres,0,7.7800000000002,8007680,180576256,1
2026-09-17T02:45:15.8228699Z,ca43277e8356,book-reviews-a4-db-1,40,19205,postgres,0,7.7800000000002,7081984,180494336,1
2026-09-17T02:45:15.8228699Z,ca43277e8356,book-reviews-a4-db-1,7951,185899,postgres,0,7.7800000000002,17145856,182079488,1
2026-09-17T02:45:15.9278980Z,87235cf2e925,book-reviews-a4-redis-1,1,18846,redis-server,0.2571,7.779999999999745,9596928,46088192,6
2026-09-17T02:45:16.0288871Z,9848c97527b3,book-reviews-a4-traefik-1,1,18847,traefik,0.2567,7.789999999999964,105512960,1437339648,17
2026-09-17T02:45:16.1285044Z,48f7e9560c08,book-reviews-a4-opensearch-1,1,18849,java,0.6418,7.789999999999964,1495654400,8906977280,127
2026-09-17T02:45:23.3883703Z,a42d74844cf7,book-reviews-a4-web-1,1,89546,ruby,0.1287,7.769999999999982,136884224,769351680,11
2026-09-17T02:45:23.4792760Z,69b93e454d61,book-reviews-a4-static-1,1,70772,bundle,0.129,7.75,35082240,994050048,9
2026-09-17T02:45:23.5748324Z,ca43277e8356,book-reviews-a4-db-1,1,18849,postgres,0,7.75,27267072,178855936,1
2026-09-17T02:45:23.5748324Z,ca43277e8356,book-reviews-a4-db-1,27,18905,postgres,0,7.75,7208960,178950144,1
2026-09-17T02:45:23.5748324Z,ca43277e8356,book-reviews-a4-db-1,28,18905,postgres,0,7.75,6217728,178954240,1
2026-09-17T02:45:23.5748324Z,ca43277e8356,book-reviews-a4-db-1,38,19205,postgres,0,7.75,9453568,178921472,1
2026-09-17T02:45:23.5748324Z,ca43277e8356,book-reviews-a4-db-1,39,19205,postgres,0,7.75,8007680,180576256,1
2026-09-17T02:45:23.5748324Z,ca43277e8356,book-reviews-a4-db-1,40,19205,postgres,0,7.75,7081984,180494336,1
2026-09-17T02:45:23.5748324Z,ca43277e8356,book-reviews-a4-db-1,7951,185899,postgres,0,7.75,17145856,182079488,1
2026-09-17T02:45:23.6687503Z,87235cf2e925,book-reviews-a4-redis-1,1,18846,redis-server,0.2584,7.7400000000002365,9596928,46088192,6
2026-09-17T02:45:23.7599584Z,9848c97527b3,book-reviews-a4-traefik-1,1,18847,traefik,0.2587,7.730000000000018,105512960,1437339648,17
2026-09-17T02:45:23.8575141Z,48f7e9560c08,book-reviews-a4-opensearch-1,1,18849,java,0.5175,7.730000000000018,1495654400,8906977280,127
2026-09-17T02:45:31.1058958Z,a42d74844cf7,book-reviews-a4-web-1,1,89546,ruby,0.1295,7.720000000000255,137015296,769351680,11
2026-09-17T02:45:31.2078578Z,69b93e454d61,book-reviews-a4-static-1,1,70772,bundle,0,7.7199999999998,35082240,994050048,9
2026-09-17T02:45:31.3070568Z,ca43277e8356,book-reviews-a4-db-1,1,18849,postgres,0,7.730000000000018,27267072,178855936,1
2026-09-17T02:45:31.3070568Z,ca43277e8356,book-reviews-a4-db-1,27,18905,postgres,0,7.730000000000018,7208960,178950144,1
2026-09-17T02:45:31.3070568Z,ca43277e8356,book-reviews-a4-db-1,28,18905,postgres,0,7.730000000000018,6217728,178954240,1
2026-09-17T02:45:31.3070568Z,ca43277e8356,book-reviews-a4-db-1,38,19205,postgres,0,7.730000000000018,9453568,178921472,1
2026-09-17T02:45:31.3070568Z,ca43277e8356,book-reviews-a4-db-1,39,19205,postgres,0,7.730000000000018,8007680,180576256,1
2026-09-17T02:45:31.3070568Z,ca43277e8356,book-reviews-a4-db-1,40,19205,postgres,0,7.730000000000018,7081984,180494336,1
2026-09-17T02:45:31.3070568Z,ca43277e8356,book-reviews-a4-db-1,7951,185899,postgres,0,7.730000000000018,17145856,182079488,1
2026-09-17T02:45:31.4045785Z,87235cf2e925,book-reviews-a4-redis-1,1,18846,redis-server,0.2584,7.739999999999782,9596928,46088192,6
2026-09-17T02:45:31.5013655Z,9848c97527b3,book-reviews-a4-traefik-1,1,18847,traefik,0.1292,7.739999999999782,105512960,1437339648,17
2026-09-17T02:45:31.5966630Z,48f7e9560c08,book-reviews-a4-opensearch-1,1,18849,java,0.646,7.739999999999782,1495654400,8906977280,127
2026-09-17T02:45:38.0761677Z,a42d74844cf7,book-reviews-a4-web-1,1,89546,ruby,0.1435,6.9699999999998,137015296,769351680,11
2026-09-17T02:45:38.1736197Z,69b93e454d61,book-reviews-a4-static-1,1,70772,bundle,0,6.970000000000255,35082240,994050048,9
2026-09-17T02:45:38.2716022Z,ca43277e8356,book-reviews-a4-db-1,1,18849,postgres,0,6.9699999999998,27267072,178855936,1
2026-09-17T02:45:38.2716022Z,ca43277e8356,book-reviews-a4-db-1,27,18905,postgres,0,6.9699999999998,7208960,178950144,1
2026-09-17T02:45:38.2716022Z,ca43277e8356,book-reviews-a4-db-1,28,18905,postgres,0,6.9699999999998,6217728,178954240,1
2026-09-17T02:45:38.2716022Z,ca43277e8356,book-reviews-a4-db-1,38,19205,postgres,0,6.9699999999998,9453568,178921472,1
2026-09-17T02:45:38.2716022Z,ca43277e8356,book-reviews-a4-db-1,39,19205,postgres,0,6.9699999999998,8007680,180576256,1
2026-09-17T02:45:38.2716022Z,ca43277e8356,book-reviews-a4-db-1,40,19205,postgres,0,6.9699999999998,7081984,180494336,1
2026-09-17T02:45:38.2716022Z,ca43277e8356,book-reviews-a4-db-1,7951,185899,postgres,0,6.9699999999998,17145856,182079488,1
2026-09-17T02:45:38.3665918Z,87235cf2e925,book-reviews-a4-redis-1,1,18846,redis-server,0.431,6.960000000000036,9596928,46088192,6
2026-09-17T02:45:38.4602425Z,9848c97527b3,book-reviews-a4-traefik-1,1,18847,traefik,0.1437,6.960000000000036,105512960,1437339648,17
2026-09-17T02:45:38.5552785Z,48f7e9560c08,book-reviews-a4-opensearch-1,1,18849,java,0.7194,6.950000000000273,1495654400,8906977280,127
2026-09-17T02:45:45.8146991Z,a42d74844cf7,book-reviews-a4-web-1,1,89546,ruby,0.2584,7.7400000000002365,137015296,769351680,11
2026-09-17T02:45:45.9141335Z,69b93e454d61,book-reviews-a4-static-1,1,70772,bundle,0,7.739999999999782,35082240,994050048,9
2026-09-17T02:45:46.0357728Z,ca43277e8356,book-reviews-a4-db-1,1,18849,postgres,0.129,7.75,27267072,178855936,1
2026-09-17T02:45:46.0357728Z,ca43277e8356,book-reviews-a4-db-1,27,18905,postgres,0,7.75,7208960,178950144,1
2026-09-17T02:45:46.0357728Z,ca43277e8356,book-reviews-a4-db-1,28,18905,postgres,0,7.75,6217728,178954240,1
2026-09-17T02:45:46.0357728Z,ca43277e8356,book-reviews-a4-db-1,38,19205,postgres,0,7.75,9453568,178921472,1
2026-09-17T02:45:46.0357728Z,ca43277e8356,book-reviews-a4-db-1,39,19205,postgres,0,7.75,8007680,180576256,1
2026-09-17T02:45:46.0357728Z,ca43277e8356,book-reviews-a4-db-1,40,19205,postgres,0,7.75,7081984,180494336,1
2026-09-17T02:45:46.0357728Z,ca43277e8356,book-reviews-a4-db-1,7951,185899,postgres,0,7.75,17145856,182079488,1
2026-09-17T02:45:46.1414419Z,87235cf2e925,book-reviews-a4-redis-1,1,18846,redis-server,0.1287,7.769999999999982,9596928,46088192,6
2026-09-17T02:45:46.2346136Z,9848c97527b3,book-reviews-a4-traefik-1,1,18847,traefik,0.3856,7.7800000000002,105644032,1437339648,17
2026-09-17T02:45:46.3328875Z,48f7e9560c08,book-reviews-a4-opensearch-1,1,18849,java,0.6427,7.779999999999745,1495654400,8906977280,127
2026-09-17T02:45:53.5890478Z,a42d74844cf7,book-reviews-a4-web-1,1,89546,ruby,0.1287,7.769999999999982,137015296,769351680,11
2026-09-17T02:45:53.6824933Z,69b93e454d61,book-reviews-a4-static-1,1,70772,bundle,0,7.7800000000002,35082240,994050048,9
2026-09-17T02:45:53.7824713Z,ca43277e8356,book-reviews-a4-db-1,1,18849,postgres,0,7.760000000000218,27267072,178855936,1
2026-09-17T02:45:53.7824713Z,ca43277e8356,book-reviews-a4-db-1,27,18905,postgres,0,7.760000000000218,7208960,178950144,1
2026-09-17T02:45:53.7824713Z,ca43277e8356,book-reviews-a4-db-1,28,18905,postgres,0,7.760000000000218,6217728,178954240,1
2026-09-17T02:45:53.7824713Z,ca43277e8356,book-reviews-a4-db-1,38,19205,postgres,0,7.760000000000218,9453568,178921472,1
2026-09-17T02:45:53.7824713Z,ca43277e8356,book-reviews-a4-db-1,39,19205,postgres,0,7.760000000000218,8007680,180576256,1
2026-09-17T02:45:53.7824713Z,ca43277e8356,book-reviews-a4-db-1,40,19205,postgres,0,7.760000000000218,7081984,180494336,1
2026-09-17T02:45:53.7824713Z,ca43277e8356,book-reviews-a4-db-1,7951,185899,postgres,0,7.760000000000218,17145856,182079488,1
2026-09-17T02:45:53.8829792Z,87235cf2e925,book-reviews-a4-redis-1,1,18846,redis-server,0.3876,7.7400000000002365,9596928,46088192,6
2026-09-17T02:45:53.9769354Z,9848c97527b3,book-reviews-a4-traefik-1,1,18847,traefik,0,7.739999999999782,105644032,1437339648,17
2026-09-17T02:45:54.0716767Z,48f7e9560c08,book-reviews-a4-opensearch-1,1,18849,java,0.5168,7.7400000000002365,1495654400,8906977280,127
2026-09-17T02:46:01.3265822Z,a42d74844cf7,book-reviews-a4-web-1,1,89546,ruby,0.1292,7.739999999999782,137015296,769351680,11
2026-09-17T02:46:01.4194955Z,69b93e454d61,book-reviews-a4-static-1,1,70772,bundle,0,7.730000000000018,35082240,994050048,9
2026-09-17T02:46:01.5147225Z,ca43277e8356,book-reviews-a4-db-1,1,18849,postgres,0,7.730000000000018,27267072,178855936,1
2026-09-17T02:46:01.5147225Z,ca43277e8356,book-reviews-a4-db-1,27,18905,postgres,0,7.730000000000018,7208960,178950144,1
2026-09-17T02:46:01.5147225Z,ca43277e8356,book-reviews-a4-db-1,28,18905,postgres,0,7.730000000000018,6217728,178954240,1
2026-09-17T02:46:01.5147225Z,ca43277e8356,book-reviews-a4-db-1,38,19205,postgres,0,7.730000000000018,9453568,178921472,1
2026-09-17T02:46:01.5147225Z,ca43277e8356,book-reviews-a4-db-1,39,19205,postgres,0,7.730000000000018,8007680,180576256,1
2026-09-17T02:46:01.5147225Z,ca43277e8356,book-reviews-a4-db-1,40,19205,postgres,0,7.730000000000018,7081984,180494336,1
2026-09-17T02:46:01.5147225Z,ca43277e8356,book-reviews-a4-db-1,7951,185899,postgres,0,7.730000000000018,17145856,182079488,1
2026-09-17T02:46:01.6120417Z,87235cf2e925,book-reviews-a4-redis-1,1,18846,redis-server,0.2587,7.730000000000018,9596928,46088192,6
2026-09-17T02:46:01.7026921Z,9848c97527b3,book-reviews-a4-traefik-1,1,18847,traefik,0.2587,7.730000000000018,105644032,1437339648,17
2026-09-17T02:46:01.7966742Z,48f7e9560c08,book-reviews-a4-opensearch-1,1,18849,java,0.6468,7.730000000000018,1495654400,8906977280,127
2026-09-17T02:46:08.0833978Z,a42d74844cf7,book-reviews-a4-web-1,1,89546,ruby,0,6.760000000000218,137015296,769351680,11
2026-09-17T02:46:08.1797965Z,69b93e454d61,book-reviews-a4-static-1,1,70772,bundle,0,6.7599999999997635,35082240,994050048,9
2026-09-17T02:46:08.2760365Z,ca43277e8356,book-reviews-a4-db-1,1,18849,postgres,0,6.7599999999997635,27267072,178855936,1
2026-09-17T02:46:08.2760365Z,ca43277e8356,book-reviews-a4-db-1,27,18905,postgres,0,6.7599999999997635,7208960,178950144,1
2026-09-17T02:46:08.2760365Z,ca43277e8356,book-reviews-a4-db-1,28,18905,postgres,0,6.7599999999997635,6217728,178954240,1
2026-09-17T02:46:08.2760365Z,ca43277e8356,book-reviews-a4-db-1,38,19205,postgres,0,6.7599999999997635,9453568,178921472,1
2026-09-17T02:46:08.2760365Z,ca43277e8356,book-reviews-a4-db-1,39,19205,postgres,0,6.7599999999997635,8007680,180576256,1
2026-09-17T02:46:08.2760365Z,ca43277e8356,book-reviews-a4-db-1,40,19205,postgres,0,6.7599999999997635,7081984,180494336,1
2026-09-17T02:46:08.2760365Z,ca43277e8356,book-reviews-a4-db-1,7951,185899,postgres,0,6.7599999999997635,17145856,182079488,1
2026-09-17T02:46:08.3708440Z,87235cf2e925,book-reviews-a4-redis-1,1,18846,redis-server,0.4438,6.7599999999997635,9596928,46088192,6
2026-09-17T02:46:08.4624870Z,9848c97527b3,book-reviews-a4-traefik-1,1,18847,traefik,0.1479,6.760000000000218,105644032,1437339648,17
2026-09-17T02:46:08.5604263Z,48f7e9560c08,book-reviews-a4-opensearch-1,1,18849,java,0.7396,6.7599999999997635,1495654400,8906977280,127
2026-09-17T02:46:15.8047549Z,a42d74844cf7,book-reviews-a4-web-1,1,89546,ruby,0.3886,7.7199999999998,137015296,769351680,11
2026-09-17T02:46:15.8975065Z,69b93e454d61,book-reviews-a4-static-1,1,70772,bundle,0.1295,7.720000000000255,35082240,994050048,9
2026-09-17T02:46:16.0055940Z,ca43277e8356,book-reviews-a4-db-1,1,18849,postgres,0,7.730000000000018,27267072,178855936,1
2026-09-17T02:46:16.0055940Z,ca43277e8356,book-reviews-a4-db-1,27,18905,postgres,0,7.730000000000018,7208960,178950144,1
2026-09-17T02:46:16.0055940Z,ca43277e8356,book-reviews-a4-db-1,28,18905,postgres,0,7.730000000000018,6217728,178954240,1
2026-09-17T02:46:16.0055940Z,ca43277e8356,book-reviews-a4-db-1,38,19205,postgres,0,7.730000000000018,9453568,178921472,1
2026-09-17T02:46:16.0055940Z,ca43277e8356,book-reviews-a4-db-1,39,19205,postgres,0,7.730000000000018,8007680,180576256,1
2026-09-17T02:46:16.0055940Z,ca43277e8356,book-reviews-a4-db-1,40,19205,postgres,0,7.730000000000018,7081984,180494336,1
2026-09-17T02:46:16.0055940Z,ca43277e8356,book-reviews-a4-db-1,7951,185899,postgres,0,7.730000000000018,17145856,182079488,1
2026-09-17T02:46:16.0986268Z,87235cf2e925,book-reviews-a4-redis-1,1,18846,redis-server,0.2587,7.730000000000018,9596928,46088192,6
2026-09-17T02:46:16.1933790Z,9848c97527b3,book-reviews-a4-traefik-1,1,18847,traefik,0.2587,7.729999999999563,105644032,1437339648,17
2026-09-17T02:46:16.2968631Z,48f7e9560c08,book-reviews-a4-opensearch-1,1,18849,java,0.5168,7.7400000000002365,1495654400,8906977280,127
2026-09-17T02:46:23.5428947Z,a42d74844cf7,book-reviews-a4-web-1,1,89546,ruby,0.1292,7.7400000000002365,137015296,769351680,11
2026-09-17T02:46:23.6327761Z,69b93e454d61,book-reviews-a4-static-1,1,70772,bundle,0.1292,7.739999999999782,35082240,994050048,9
2026-09-17T02:46:23.7267461Z,ca43277e8356,book-reviews-a4-db-1,1,18849,postgres,0,7.730000000000018,27267072,178855936,1
2026-09-17T02:46:23.7267461Z,ca43277e8356,book-reviews-a4-db-1,27,18905,postgres,0,7.730000000000018,7208960,178950144,1
2026-09-17T02:46:23.7267461Z,ca43277e8356,book-reviews-a4-db-1,28,18905,postgres,0,7.730000000000018,6217728,178954240,1
2026-09-17T02:46:23.7267461Z,ca43277e8356,book-reviews-a4-db-1,38,19205,postgres,0,7.730000000000018,9453568,178921472,1
2026-09-17T02:46:23.7267461Z,ca43277e8356,book-reviews-a4-db-1,39,19205,postgres,0,7.730000000000018,8007680,180576256,1
2026-09-17T02:46:23.7267461Z,ca43277e8356,book-reviews-a4-db-1,40,19205,postgres,0,7.730000000000018,7081984,180494336,1
2026-09-17T02:46:23.7267461Z,ca43277e8356,book-reviews-a4-db-1,7951,185899,postgres,0,7.730000000000018,17145856,182079488,1
2026-09-17T02:46:23.8251050Z,87235cf2e925,book-reviews-a4-redis-1,1,18846,redis-server,0.2587,7.730000000000018,9596928,46088192,6
2026-09-17T02:46:23.9173948Z,9848c97527b3,book-reviews-a4-traefik-1,1,18847,traefik,0.1295,7.720000000000255,105644032,1437339648,17
2026-09-17T02:46:24.0101522Z,48f7e9560c08,book-reviews-a4-opensearch-1,1,18849,java,0.6485,7.710000000000036,1495654400,8906977280,127
2026-09-17T02:46:31.2519965Z,a42d74844cf7,book-reviews-a4-web-1,1,89546,ruby,0.1297,7.710000000000036,137015296,769351680,11
2026-09-17T02:46:31.3436883Z,69b93e454d61,book-reviews-a4-static-1,1,70772,bundle,0,7.710000000000036,35082240,994050048,9
2026-09-17T02:46:31.4380168Z,ca43277e8356,book-reviews-a4-db-1,1,18849,postgres,0.1297,7.710000000000036,27267072,178855936,1
2026-09-17T02:46:31.4380168Z,ca43277e8356,book-reviews-a4-db-1,27,18905,postgres,0,7.710000000000036,7208960,178950144,1
2026-09-17T02:46:31.4380168Z,ca43277e8356,book-reviews-a4-db-1,28,18905,postgres,0,7.710000000000036,6217728,178954240,1
2026-09-17T02:46:31.4380168Z,ca43277e8356,book-reviews-a4-db-1,38,19205,postgres,0,7.710000000000036,9453568,178921472,1
2026-09-17T02:46:31.4380168Z,ca43277e8356,book-reviews-a4-db-1,39,19205,postgres,0,7.710000000000036,8007680,180576256,1
2026-09-17T02:46:31.4380168Z,ca43277e8356,book-reviews-a4-db-1,40,19205,postgres,0,7.710000000000036,7081984,180494336,1
2026-09-17T02:46:31.4380168Z,ca43277e8356,book-reviews-a4-db-1,7951,185899,postgres,0,7.710000000000036,17145856,182079488,1
2026-09-17T02:46:31.5304754Z,87235cf2e925,book-reviews-a4-redis-1,1,18846,redis-server,0.2597,7.700000000000273,9596928,46088192,6
2026-09-17T02:46:31.6201547Z,9848c97527b3,book-reviews-a4-traefik-1,1,18847,traefik,0.2597,7.699999999999818,105644032,1437339648,17
2026-09-17T02:46:31.7126823Z,48f7e9560c08,book-reviews-a4-opensearch-1,1,18849,java,0.6485,7.710000000000036,1495654400,8906977280,127
2026-09-17T02:46:38.1167142Z,a42d74844cf7,book-reviews-a4-web-1,1,89546,ruby,0,6.859999999999673,137015296,769351680,11
2026-09-17T02:46:38.2063213Z,69b93e454d61,book-reviews-a4-static-1,1,70772,bundle,0,6.860000000000127,35082240,994050048,9
2026-09-17T02:46:38.3004085Z,ca43277e8356,book-reviews-a4-db-1,1,18849,postgres,0,6.860000000000127,27267072,178855936,1
2026-09-17T02:46:38.3004085Z,ca43277e8356,book-reviews-a4-db-1,27,18905,postgres,0,6.860000000000127,7208960,178950144,1
2026-09-17T02:46:38.3004085Z,ca43277e8356,book-reviews-a4-db-1,28,18905,postgres,0,6.860000000000127,6217728,178954240,1
2026-09-17T02:46:38.3004085Z,ca43277e8356,book-reviews-a4-db-1,38,19205,postgres,0,6.860000000000127,9453568,178921472,1
2026-09-17T02:46:38.3004085Z,ca43277e8356,book-reviews-a4-db-1,39,19205,postgres,0,6.860000000000127,8007680,180576256,1
2026-09-17T02:46:38.3004085Z,ca43277e8356,book-reviews-a4-db-1,40,19205,postgres,0,6.860000000000127,7081984,180494336,1
2026-09-17T02:46:38.3004085Z,ca43277e8356,book-reviews-a4-db-1,7951,185899,postgres,0,6.860000000000127,17145856,182079488,1
2026-09-17T02:46:38.3935479Z,87235cf2e925,book-reviews-a4-redis-1,1,18846,redis-server,0.2911,6.869999999999891,9596928,46088192,6
2026-09-17T02:46:38.4840563Z,9848c97527b3,book-reviews-a4-traefik-1,1,18847,traefik,0.1456,6.870000000000346,105644032,1437339648,17
2026-09-17T02:46:38.5785088Z,48f7e9560c08,book-reviews-a4-opensearch-1,1,18849,java,0.5831,6.859999999999673,1495654400,8906977280,127
2026-09-17T02:46:45.8643554Z,a42d74844cf7,book-reviews-a4-web-1,1,89546,ruby,0.2581,7.75,137015296,769351680,11
2026-09-17T02:46:45.9780314Z,69b93e454d61,book-reviews-a4-static-1,1,70772,bundle,0,7.760000000000218,35082240,994050048,9
2026-09-17T02:46:46.0917344Z,ca43277e8356,book-reviews-a4-db-1,1,18849,postgres,0,7.789999999999964,27267072,178855936,1
2026-09-17T02:46:46.0917344Z,ca43277e8356,book-reviews-a4-db-1,27,18905,postgres,0,7.789999999999964,7208960,178950144,1
2026-09-17T02:46:46.0917344Z,ca43277e8356,book-reviews-a4-db-1,28,18905,postgres,0,7.789999999999964,6217728,178954240,1
2026-09-17T02:46:46.0917344Z,ca43277e8356,book-reviews-a4-db-1,38,19205,postgres,0,7.789999999999964,9453568,178921472,1
2026-09-17T02:46:46.0917344Z,ca43277e8356,book-reviews-a4-db-1,39,19205,postgres,0,7.789999999999964,8007680,180576256,1
2026-09-17T02:46:46.0917344Z,ca43277e8356,book-reviews-a4-db-1,40,19205,postgres,0,7.789999999999964,7081984,180494336,1
2026-09-17T02:46:46.0917344Z,ca43277e8356,book-reviews-a4-db-1,7951,185899,postgres,0,7.789999999999964,17145856,182079488,1
2026-09-17T02:46:46.1895839Z,87235cf2e925,book-reviews-a4-redis-1,1,18846,redis-server,0.2567,7.789999999999964,9596928,46088192,6
2026-09-17T02:46:46.2828615Z,9848c97527b3,book-reviews-a4-traefik-1,1,18847,traefik,0.3846,7.799999999999727,105644032,1437339648,17
2026-09-17T02:46:46.3865735Z,48f7e9560c08,book-reviews-a4-opensearch-1,1,18849,java,0.6402,7.809999999999945,1495654400,8906977280,127
