deployment,endpoint,requests_target,container,container_id,service,cpu_avg_pct,cpu_min_pct,cpu_max_pct,cpu_samples,memory_avg_mib,memory_min_mib,memory_max_mib,memory_samples,threads_avg,threads_min,threads_max,threads_samples,first_timestamp,last_timestamp,source_file
single,aggregation,1,book-reviews-a4-opensearch-1,48f7e9560c08,opensearch,0.9924390243902439,0.61,4.15,41,1472.0624390243902,1470.464,1472.512,41,125.0,125.0,125.0,41,2026-09-17T02:10:03.5477870Z,2026-09-17T02:15:14.3950760Z,results/matrix-20260916-2305/full-aggregation-1/containers.jsonl;results/matrix-20260916-2305/full-aggregation-1/container-identities.jsonl
single,aggregation,1,book-reviews-a4-static-1,69b93e454d61,static,0.8524390243902439,0.01,3.43,41,24.60170731707317,23.53,28.49,41,9.0,9.0,9.0,41,2026-09-17T02:10:03.5477870Z,2026-09-17T02:15:14.3950760Z,results/matrix-20260916-2305/full-aggregation-1/containers.jsonl;results/matrix-20260916-2305/full-aggregation-1/container-identities.jsonl
single,aggregation,1,book-reviews-a4-redis-1,87235cf2e925,redis,0.656829268292683,0.25,3.09,41,8.369463414634147,7.176,9.102,41,6.0,6.0,6.0,41,2026-09-17T02:10:03.5477870Z,2026-09-17T02:15:14.3950760Z,results/matrix-20260916-2305/full-aggregation-1/containers.jsonl;results/matrix-20260916-2305/full-aggregation-1/container-identities.jsonl
single,aggregation,1,book-reviews-a4-traefik-1,9848c97527b3,traefik,1.001219512195122,0.0,6.47,41,113.90975609756097,113.2,114.7,41,17.170731707317074,17.0,23.0,41,2026-09-17T02:10:03.5477870Z,2026-09-17T02:15:14.3950760Z,results/matrix-20260916-2305/full-aggregation-1/containers.jsonl;results/matrix-20260916-2305/full-aggregation-1/container-identities.jsonl
single,aggregation,1,book-reviews-a4-web-1,a42d74844cf7,web,0.8121951219512196,0.01,4.59,41,112.96829268292683,108.4,118.9,41,10.170731707317072,10.0,16.0,41,2026-09-17T02:10:03.5477870Z,2026-09-17T02:15:14.3950760Z,results/matrix-20260916-2305/full-aggregation-1/containers.jsonl;results/matrix-20260916-2305/full-aggregation-1/container-identities.jsonl
single,aggregation,1,book-reviews-a4-db-1,ca43277e8356,db,1.645121951219512,0.0,3.83,41,49.47439024390244,48.07,53.35,41,7.146341463414634,7.0,13.0,41,2026-09-17T02:10:03.5477870Z,2026-09-17T02:15:14.3950760Z,results/matrix-20260916-2305/full-aggregation-1/containers.jsonl;results/matrix-20260916-2305/full-aggregation-1/container-identities.jsonl
single,aggregation,10,book-reviews-a4-opensearch-1,48f7e9560c08,opensearch,0.8742857142857143,0.5,3.45,42,1471.6830476190476,1470.464,1472.512,42,127.0,127.0,127.0,42,2026-09-17T02:31:08.5645653Z,2026-09-17T02:36:17.3406747Z,results/matrix-20260916-2305/full-aggregation-10/containers.jsonl;results/matrix-20260916-2305/full-aggregation-10/container-identities.jsonl
single,aggregation,10,book-reviews-a4-static-1,69b93e454d61,static,0.9183333333333333,0.0,3.76,42,27.080714285714286,25.89,31.65,42,9.0,9.0,9.0,42,2026-09-17T02:31:08.5645653Z,2026-09-17T02:36:17.3406747Z,results/matrix-20260916-2305/full-aggregation-10/containers.jsonl;results/matrix-20260916-2305/full-aggregation-10/container-identities.jsonl
single,aggregation,10,book-reviews-a4-redis-1,87235cf2e925,redis,0.7054761904761905,0.25,2.81,42,8.475595238095238,7.551,9.406,42,6.0,6.0,6.0,42,2026-09-17T02:31:08.5645653Z,2026-09-17T02:36:17.3406747Z,results/matrix-20260916-2305/full-aggregation-10/containers.jsonl;results/matrix-20260916-2305/full-aggregation-10/container-identities.jsonl
single,aggregation,10,book-reviews-a4-traefik-1,9848c97527b3,traefik,1.1826190476190477,0.0,8.35,42,115.33809523809524,114.1,126.6,42,17.0,17.0,17.0,42,2026-09-17T02:31:08.5645653Z,2026-09-17T02:36:17.3406747Z,results/matrix-20260916-2305/full-aggregation-10/containers.jsonl;results/matrix-20260916-2305/full-aggregation-10/container-identities.jsonl
single,aggregation,10,book-reviews-a4-web-1,a42d74844cf7,web,0.6635714285714286,0.01,3.31,42,118.64761904761905,115.7,124.3,42,11.0,11.0,11.0,42,2026-09-17T02:31:08.5645653Z,2026-09-17T02:36:17.3406747Z,results/matrix-20260916-2305/full-aggregation-10/containers.jsonl;results/matrix-20260916-2305/full-aggregation-10/container-identities.jsonl
single,aggregation,10,book-reviews-a4-db-1,ca43277e8356,db,1.2902380952380952,0.0,3.64,42,49.152857142857144,48.43,50.04,42,7.285714285714286,7.0,13.0,42,2026-09-17T02:31:08.5645653Z,2026-09-17T02:36:17.3406747Z,results/matrix-20260916-2305/full-aggregation-10/containers.jsonl;results/matrix-20260916-2305/full-aggregation-10/container-identities.jsonl
single,aggregation,100,book-reviews-a4-opensearch-1,48f7e9560c08,opensearch,4.5515,0.55,137.25,40,1474.0992,1473.536,1477.632,40,128.6,127.0,129.0,40,2026-09-17T02:52:05.0730776Z,2026-09-17T02:57:10.2174445Z,results/matrix-20260916-2305/full-aggregation-100/containers.jsonl;results/matrix-20260916-2305/full-aggregation-100/container-identities.jsonl
single,aggregation,100,book-reviews-a4-static-1,69b93e454d61,static,0.56975,0.01,3.49,40,28.14225,27.0,31.92,40,9.0,9.0,9.0,40,2026-09-17T02:52:05.0730776Z,2026-09-17T02:57:10.2174445Z,results/matrix-20260916-2305/full-aggregation-100/containers.jsonl;results/matrix-20260916-2305/full-aggregation-100/container-identities.jsonl
single,aggregation,100,book-reviews-a4-redis-1,87235cf2e925,redis,0.79825,0.26,3.31,40,9.3511,7.848,10.63,40,6.0,6.0,6.0,40,2026-09-17T02:52:05.0730776Z,2026-09-17T02:57:10.2174445Z,results/matrix-20260916-2305/full-aggregation-100/containers.jsonl;results/matrix-20260916-2305/full-aggregation-100/container-identities.jsonl
single,aggregation,100,book-reviews-a4-traefik-1,9848c97527b3,traefik,1.7975,0.0,8.49,40,117.9375,115.9,127.9,40,17.0,17.0,17.0,40,2026-09-17T02:52:05.0730776Z,2026-09-17T02:57:10.2174445Z,results/matrix-20260916-2305/full-aggregation-100/containers.jsonl;results/matrix-20260916-2305/full-aggregation-100/container-identities.jsonl
single,aggregation,100,book-reviews-a4-web-1,a42d74844cf7,web,1.183,0.01,5.48,40,122.545,119.1,125.2,40,11.0,11.0,11.0,40,2026-09-17T02:52:05.0730776Z,2026-09-17T02:57:10.2174445Z,results/matrix-20260916-2305/full-aggregation-100/containers.jsonl;results/matrix-20260916-2305/full-aggregation-100/container-identities.jsonl
single,aggregation,100,book-reviews-a4-db-1,ca43277e8356,db,1.93825,0.0,4.31,40,49.29375,48.58,50.04,40,7.15,7.0,13.0,40,2026-09-17T02:52:05.0730776Z,2026-09-17T02:57:10.2174445Z,results/matrix-20260916-2305/full-aggregation-100/containers.jsonl;results/matrix-20260916-2305/full-aggregation-100/container-identities.jsonl
single,aggregation,1000,book-reviews-a4-opensearch-1,48f7e9560c08,opensearch,1.2097499999999999,0.6,4.81,40,1472.256,1471.488,1476.608,40,129.0,129.0,129.0,40,2026-09-17T03:12:56.2101220Z,2026-09-17T03:18:03.3148927Z,results/matrix-20260916-2305/full-aggregation-1000/containers.jsonl;results/matrix-20260916-2305/full-aggregation-1000/container-identities.jsonl
single,aggregation,1000,book-reviews-a4-static-1,69b93e454d61,static,0.694,0.01,3.76,40,28.886,28.24,29.82,40,9.0,9.0,9.0,40,2026-09-17T03:12:56.2101220Z,2026-09-17T03:18:03.3148927Z,results/matrix-20260916-2305/full-aggregation-1000/containers.jsonl;results/matrix-20260916-2305/full-aggregation-1000/container-identities.jsonl
single,aggregation,1000,book-reviews-a4-redis-1,87235cf2e925,redis,1.067,0.33,3.51,40,10.4987,9.516,14.84,40,6.0,6.0,6.0,40,2026-09-17T03:12:56.2101220Z,2026-09-17T03:18:03.3148927Z,results/matrix-20260916-2305/full-aggregation-1000/containers.jsonl;results/matrix-20260916-2305/full-aggregation-1000/container-identities.jsonl
single,aggregation,1000,book-reviews-a4-traefik-1,9848c97527b3,traefik,1.80325,0.11,8.93,40,119.645,117.8,120.9,40,17.0,17.0,17.0,40,2026-09-17T03:12:56.2101220Z,2026-09-17T03:18:03.3148927Z,results/matrix-20260916-2305/full-aggregation-1000/containers.jsonl;results/matrix-20260916-2305/full-aggregation-1000/container-identities.jsonl
single,aggregation,1000,book-reviews-a4-web-1,a42d74844cf7,web,3.79025,0.01,8.67,40,130.4575,125.2,133.3,40,11.0,11.0,11.0,40,2026-09-17T03:12:56.2101220Z,2026-09-17T03:18:03.3148927Z,results/matrix-20260916-2305/full-aggregation-1000/containers.jsonl;results/matrix-20260916-2305/full-aggregation-1000/container-identities.jsonl
single,aggregation,1000,book-reviews-a4-db-1,ca43277e8356,db,2.38075,0.03,4.71,40,51.53075,49.04,56.52,40,7.8,7.0,14.0,40,2026-09-17T03:12:56.2101220Z,2026-09-17T03:18:03.3148927Z,results/matrix-20260916-2305/full-aggregation-1000/containers.jsonl;results/matrix-20260916-2305/full-aggregation-1000/container-identities.jsonl
single,aggregation,5000,book-reviews-a4-opensearch-1,48f7e9560c08,opensearch,1.08025,0.57,4.71,40,1483.776,1482.752,1484.8,40,129.0,129.0,129.0,40,2026-09-17T03:33:59.4083787Z,2026-09-17T03:39:10.5359807Z,results/matrix-20260916-2305/full-aggregation-5000/containers.jsonl;results/matrix-20260916-2305/full-aggregation-5000/container-identities.jsonl
single,aggregation,5000,book-reviews-a4-static-1,69b93e454d61,static,1.003,0.0,4.78,40,29.38125,28.58,30.26,40,9.15,9.0,15.0,40,2026-09-17T03:33:59.4083787Z,2026-09-17T03:39:10.5359807Z,results/matrix-20260916-2305/full-aggregation-5000/containers.jsonl;results/matrix-20260916-2305/full-aggregation-5000/container-identities.jsonl
single,aggregation,5000,book-reviews-a4-redis-1,87235cf2e925,redis,1.1612500000000001,0.35,3.67,40,11.98175,10.66,16.85,40,6.0,6.0,6.0,40,2026-09-17T03:33:59.4083787Z,2026-09-17T03:39:10.5359807Z,results/matrix-20260916-2305/full-aggregation-5000/containers.jsonl;results/matrix-20260916-2305/full-aggregation-5000/container-identities.jsonl
single,aggregation,5000,book-reviews-a4-traefik-1,9848c97527b3,traefik,3.81425,0.0,12.6,40,121.3425,119.7,122.2,40,17.05,17.0,19.0,40,2026-09-17T03:33:59.4083787Z,2026-09-17T03:39:10.5359807Z,results/matrix-20260916-2305/full-aggregation-5000/containers.jsonl;results/matrix-20260916-2305/full-aggregation-5000/container-identities.jsonl
single,aggregation,5000,book-reviews-a4-web-1,a42d74844cf7,web,16.8215,0.01,24.08,40,136.5975,133.6,140.3,40,11.025,11.0,12.0,40,2026-09-17T03:33:59.4083787Z,2026-09-17T03:39:10.5359807Z,results/matrix-20260916-2305/full-aggregation-5000/containers.jsonl;results/matrix-20260916-2305/full-aggregation-5000/container-identities.jsonl
single,aggregation,5000,book-reviews-a4-db-1,ca43277e8356,db,3.66975,0.0,6.63,40,51.55525,49.09,52.28,40,7.975,7.0,9.0,40,2026-09-17T03:33:59.4083787Z,2026-09-17T03:39:10.5359807Z,results/matrix-20260916-2305/full-aggregation-5000/containers.jsonl;results/matrix-20260916-2305/full-aggregation-5000/container-identities.jsonl
single,book,1,book-reviews-a4-opensearch-1,48f7e9560c08,opensearch,1.1668292682926829,0.55,5.73,41,1474.310243902439,1470.464,1475.584,41,127.0,127.0,127.0,41,2026-09-17T02:20:37.0314688Z,2026-09-17T02:25:48.4587705Z,results/matrix-20260916-2305/full-book-1/containers.jsonl;results/matrix-20260916-2305/full-book-1/container-identities.jsonl
single,book,1,book-reviews-a4-static-1,69b93e454d61,static,0.5182926829268293,0.01,3.27,41,25.070243902439024,23.69,29.45,41,9.292682926829269,9.0,15.0,41,2026-09-17T02:20:37.0314688Z,2026-09-17T02:25:48.4587705Z,results/matrix-20260916-2305/full-book-1/containers.jsonl;results/matrix-20260916-2305/full-book-1/container-identities.jsonl
single,book,1,book-reviews-a4-redis-1,87235cf2e925,redis,0.9636585365853658,0.26,2.95,41,8.801756097560975,7.684,13.33,41,6.0,6.0,6.0,41,2026-09-17T02:20:37.0314688Z,2026-09-17T02:25:48.4587705Z,results/matrix-20260916-2305/full-book-1/containers.jsonl;results/matrix-20260916-2305/full-book-1/container-identities.jsonl
single,book,1,book-reviews-a4-traefik-1,9848c97527b3,traefik,1.4224390243902438,0.0,7.11,41,113.62926829268292,112.7,115.1,41,17.0,17.0,17.0,41,2026-09-17T02:20:37.0314688Z,2026-09-17T02:25:48.4587705Z,results/matrix-20260916-2305/full-book-1/containers.jsonl;results/matrix-20260916-2305/full-book-1/container-identities.jsonl
single,book,1,book-reviews-a4-web-1,a42d74844cf7,web,0.98,0.01,5.31,41,116.15365853658537,113.9,117.1,41,11.0,11.0,11.0,41,2026-09-17T02:20:37.0314688Z,2026-09-17T02:25:48.4587705Z,results/matrix-20260916-2305/full-book-1/containers.jsonl;results/matrix-20260916-2305/full-book-1/container-identities.jsonl
single,book,1,book-reviews-a4-db-1,ca43277e8356,db,1.5604878048780488,0.0,3.58,41,51.58,49.33,56.43,41,7.975609756097561,7.0,8.0,41,2026-09-17T02:20:37.0314688Z,2026-09-17T02:25:48.4587705Z,results/matrix-20260916-2305/full-book-1/containers.jsonl;results/matrix-20260916-2305/full-book-1/container-identities.jsonl
single,book,10,book-reviews-a4-opensearch-1,48f7e9560c08,opensearch,1.0819512195121952,0.51,4.15,41,1473.7607804878048,1473.536,1474.56,41,127.0,127.0,127.0,41,2026-09-17T02:41:36.6091096Z,2026-09-17T02:46:43.5865413Z,results/matrix-20260916-2305/full-book-10/containers.jsonl;results/matrix-20260916-2305/full-book-10/container-identities.jsonl
single,book,10,book-reviews-a4-static-1,69b93e454d61,static,0.6185365853658537,0.01,3.77,41,27.260243902439026,26.03,27.93,41,9.0,9.0,9.0,41,2026-09-17T02:41:36.6091096Z,2026-09-17T02:46:43.5865413Z,results/matrix-20260916-2305/full-book-10/containers.jsonl;results/matrix-20260916-2305/full-book-10/container-identities.jsonl
single,book,10,book-reviews-a4-redis-1,87235cf2e925,redis,0.7565853658536585,0.25,3.05,41,8.374975609756097,7.797,8.984,41,6.0,6.0,6.0,41,2026-09-17T02:41:36.6091096Z,2026-09-17T02:46:43.5865413Z,results/matrix-20260916-2305/full-book-10/containers.jsonl;results/matrix-20260916-2305/full-book-10/container-identities.jsonl
single,book,10,book-reviews-a4-traefik-1,9848c97527b3,traefik,1.39,0.0,7.74,41,115.97804878048781,115.1,123.0,41,17.0,17.0,17.0,41,2026-09-17T02:41:36.6091096Z,2026-09-17T02:46:43.5865413Z,results/matrix-20260916-2305/full-book-10/containers.jsonl;results/matrix-20260916-2305/full-book-10/container-identities.jsonl
single,book,10,book-reviews-a4-web-1,a42d74844cf7,web,0.9607317073170731,0.01,3.68,41,119.29512195121951,118.4,120.3,41,11.0,11.0,11.0,41,2026-09-17T02:41:36.6091096Z,2026-09-17T02:46:43.5865413Z,results/matrix-20260916-2305/full-book-10/containers.jsonl;results/matrix-20260916-2305/full-book-10/container-identities.jsonl
single,book,10,book-reviews-a4-db-1,ca43277e8356,db,1.4682926829268292,0.0,5.52,41,49.44341463414634,48.76,50.24,41,7.0,7.0,7.0,41,2026-09-17T02:41:36.6091096Z,2026-09-17T02:46:43.5865413Z,results/matrix-20260916-2305/full-book-10/containers.jsonl;results/matrix-20260916-2305/full-book-10/container-identities.jsonl
single,book,100,book-reviews-a4-opensearch-1,48f7e9560c08,opensearch,1.4052499999999999,0.67,6.14,40,1472.256,1471.488,1473.536,40,129.05,129.0,130.0,40,2026-09-17T03:02:30.8594491Z,2026-09-17T03:07:36.7552921Z,results/matrix-20260916-2305/full-book-100/containers.jsonl;results/matrix-20260916-2305/full-book-100/container-identities.jsonl
single,book,100,book-reviews-a4-static-1,69b93e454d61,static,0.612,0.01,3.69,40,28.33675,27.35,29.58,40,9.0,9.0,9.0,40,2026-09-17T03:02:30.8594491Z,2026-09-17T03:07:36.7552921Z,results/matrix-20260916-2305/full-book-100/containers.jsonl;results/matrix-20260916-2305/full-book-100/container-identities.jsonl
single,book,100,book-reviews-a4-redis-1,87235cf2e925,redis,0.89325,0.3,3.65,40,9.9622,9.023,10.59,40,6.0,6.0,6.0,40,2026-09-17T03:02:30.8594491Z,2026-09-17T03:07:36.7552921Z,results/matrix-20260916-2305/full-book-100/containers.jsonl;results/matrix-20260916-2305/full-book-100/container-identities.jsonl
single,book,100,book-reviews-a4-traefik-1,9848c97527b3,traefik,1.59375,0.0,9.54,40,117.9025,117.2,118.9,40,17.275,17.0,23.0,40,2026-09-17T03:02:30.8594491Z,2026-09-17T03:07:36.7552921Z,results/matrix-20260916-2305/full-book-100/containers.jsonl;results/matrix-20260916-2305/full-book-100/container-identities.jsonl
single,book,100,book-reviews-a4-web-1,a42d74844cf7,web,1.26375,0.01,5.99,40,124.4625,122.7,125.5,40,11.0,11.0,11.0,40,2026-09-17T03:02:30.8594491Z,2026-09-17T03:07:36.7552921Z,results/matrix-20260916-2305/full-book-100/containers.jsonl;results/matrix-20260916-2305/full-book-100/container-identities.jsonl
single,book,100,book-reviews-a4-db-1,ca43277e8356,db,1.4745,0.0,4.45,40,49.58075,48.77,54.09,40,7.0,7.0,7.0,40,2026-09-17T03:02:30.8594491Z,2026-09-17T03:07:36.7552921Z,results/matrix-20260916-2305/full-book-100/containers.jsonl;results/matrix-20260916-2305/full-book-100/container-identities.jsonl
single,book,1000,book-reviews-a4-opensearch-1,48f7e9560c08,opensearch,1.32,0.61,5.82,40,1483.52,1482.752,1484.8,40,129.025,129.0,130.0,40,2026-09-17T03:23:25.7341878Z,2026-09-17T03:28:35.7147941Z,results/matrix-20260916-2305/full-book-1000/containers.jsonl;results/matrix-20260916-2305/full-book-1000/container-identities.jsonl
single,book,1000,book-reviews-a4-static-1,69b93e454d61,static,0.84825,0.01,4.31,40,29.629,28.49,34.07,40,9.15,9.0,15.0,40,2026-09-17T03:23:25.7341878Z,2026-09-17T03:28:35.7147941Z,results/matrix-20260916-2305/full-book-1000/containers.jsonl;results/matrix-20260916-2305/full-book-1000/container-identities.jsonl
single,book,1000,book-reviews-a4-redis-1,87235cf2e925,redis,1.02775,0.33,3.34,40,10.84825,10.14,11.56,40,6.0,6.0,6.0,40,2026-09-17T03:23:25.7341878Z,2026-09-17T03:28:35.7147941Z,results/matrix-20260916-2305/full-book-1000/containers.jsonl;results/matrix-20260916-2305/full-book-1000/container-identities.jsonl
single,book,1000,book-reviews-a4-traefik-1,9848c97527b3,traefik,1.79475,0.03,9.18,40,120.3075,119.1,125.3,40,17.15,17.0,23.0,40,2026-09-17T03:23:25.7341878Z,2026-09-17T03:28:35.7147941Z,results/matrix-20260916-2305/full-book-1000/containers.jsonl;results/matrix-20260916-2305/full-book-1000/container-identities.jsonl
single,book,1000,book-reviews-a4-web-1,a42d74844cf7,web,2.97575,0.01,6.96,40,131.6775,131.2,132.3,40,11.0,11.0,11.0,40,2026-09-17T03:23:25.7341878Z,2026-09-17T03:28:35.7147941Z,results/matrix-20260916-2305/full-book-1000/containers.jsonl;results/matrix-20260916-2305/full-book-1000/container-identities.jsonl
single,book,1000,book-reviews-a4-db-1,ca43277e8356,db,2.5985,0.0,4.41,40,52.621,51.79,58.31,40,8.0,8.0,8.0,40,2026-09-17T03:23:25.7341878Z,2026-09-17T03:28:35.7147941Z,results/matrix-20260916-2305/full-book-1000/containers.jsonl;results/matrix-20260916-2305/full-book-1000/container-identities.jsonl
single,book,5000,book-reviews-a4-opensearch-1,48f7e9560c08,opensearch,1.06625,0.6,4.82,40,1496.8576,1495.04,1512.448,40,129.0,129.0,129.0,40,2026-09-17T03:44:39.1309732Z,2026-09-17T03:49:47.7574701Z,results/matrix-20260916-2305/full-book-5000/containers.jsonl;results/matrix-20260916-2305/full-book-5000/container-identities.jsonl
single,book,5000,book-reviews-a4-static-1,69b93e454d61,static,0.694,0.0,3.72,40,29.75,29.18,30.5,40,9.15,9.0,15.0,40,2026-09-17T03:44:39.1309732Z,2026-09-17T03:49:47.7574701Z,results/matrix-20260916-2305/full-book-5000/containers.jsonl;results/matrix-20260916-2305/full-book-5000/container-identities.jsonl
single,book,5000,book-reviews-a4-redis-1,87235cf2e925,redis,1.2615,0.32,4.95,40,14.829,13.63,16.07,40,6.0,6.0,6.0,40,2026-09-17T03:44:39.1309732Z,2026-09-17T03:49:47.7574701Z,results/matrix-20260916-2305/full-book-5000/containers.jsonl;results/matrix-20260916-2305/full-book-5000/container-identities.jsonl
single,book,5000,book-reviews-a4-traefik-1,9848c97527b3,traefik,4.0545,0.0,10.19,40,122.635,120.5,135.6,40,17.175,17.0,23.0,40,2026-09-17T03:44:39.1309732Z,2026-09-17T03:49:47.7574701Z,results/matrix-20260916-2305/full-book-5000/containers.jsonl;results/matrix-20260916-2305/full-book-5000/container-identities.jsonl
single,book,5000,book-reviews-a4-web-1,a42d74844cf7,web,10.3935,0.01,14.45,40,133.7425,133.0,136.4,40,11.0,11.0,11.0,40,2026-09-17T03:44:39.1309732Z,2026-09-17T03:49:47.7574701Z,results/matrix-20260916-2305/full-book-5000/containers.jsonl;results/matrix-20260916-2305/full-book-5000/container-identities.jsonl
single,book,5000,book-reviews-a4-db-1,ca43277e8356,db,3.555,0.01,5.63,40,52.07275,50.61,56.43,40,8.0,8.0,8.0,40,2026-09-17T03:44:39.1309732Z,2026-09-17T03:49:47.7574701Z,results/matrix-20260916-2305/full-book-5000/containers.jsonl;results/matrix-20260916-2305/full-book-5000/container-identities.jsonl
single,search,1,book-reviews-a4-opensearch-1,48f7e9560c08,opensearch,1.1570731707317072,0.56,5.31,41,1475.034536585366,1471.488,1476.608,41,126.97560975609755,125.0,128.0,41,2026-09-17T02:15:19.5816384Z,2026-09-17T02:20:31.5519597Z,results/matrix-20260916-2305/full-search-1/containers.jsonl;results/matrix-20260916-2305/full-search-1/container-identities.jsonl
single,search,1,book-reviews-a4-static-1,69b93e454d61,static,0.49658536585365853,0.01,4.78,41,24.8109756097561,23.55,26.49,41,9.0,9.0,9.0,41,2026-09-17T02:15:19.5816384Z,2026-09-17T02:20:31.5519597Z,results/matrix-20260916-2305/full-search-1/containers.jsonl;results/matrix-20260916-2305/full-search-1/container-identities.jsonl
single,search,1,book-reviews-a4-redis-1,87235cf2e925,redis,0.901219512195122,0.25,3.17,41,8.550439024390244,7.68,9.188,41,6.0,6.0,6.0,41,2026-09-17T02:15:19.5816384Z,2026-09-17T02:20:31.5519597Z,results/matrix-20260916-2305/full-search-1/containers.jsonl;results/matrix-20260916-2305/full-search-1/container-identities.jsonl
single,search,1,book-reviews-a4-traefik-1,9848c97527b3,traefik,1.2095121951219512,0.0,6.58,41,114.10243902439025,113.2,123.9,41,17.0,17.0,17.0,41,2026-09-17T02:15:19.5816384Z,2026-09-17T02:20:31.5519597Z,results/matrix-20260916-2305/full-search-1/containers.jsonl;results/matrix-20260916-2305/full-search-1/container-identities.jsonl
single,search,1,book-reviews-a4-web-1,a42d74844cf7,web,0.7280487804878049,0.01,4.12,41,114.40487804878049,112.4,119.9,41,10.975609756097562,10.0,11.0,41,2026-09-17T02:15:19.5816384Z,2026-09-17T02:20:31.5519597Z,results/matrix-20260916-2305/full-search-1/containers.jsonl;results/matrix-20260916-2305/full-search-1/container-identities.jsonl
single,search,1,book-reviews-a4-db-1,ca43277e8356,db,1.6260975609756099,0.0,10.53,41,49.50951219512195,48.63,54.91,41,7.0,7.0,7.0,41,2026-09-17T02:15:19.5816384Z,2026-09-17T02:20:31.5519597Z,results/matrix-20260916-2305/full-search-1/containers.jsonl;results/matrix-20260916-2305/full-search-1/container-identities.jsonl
single,search,10,book-reviews-a4-opensearch-1,48f7e9560c08,opensearch,1.099268292682927,0.54,4.2,41,1471.5879024390244,1470.464,1474.56,41,127.0,127.0,127.0,41,2026-09-17T02:36:21.4370132Z,2026-09-17T02:41:31.3382116Z,results/matrix-20260916-2305/full-search-10/containers.jsonl;results/matrix-20260916-2305/full-search-10/container-identities.jsonl
single,search,10,book-reviews-a4-static-1,69b93e454d61,static,0.7773170731707317,0.0,3.94,41,27.076097560975608,26.49,27.97,41,9.0,9.0,9.0,41,2026-09-17T02:36:21.4370132Z,2026-09-17T02:41:31.3382116Z,results/matrix-20260916-2305/full-search-10/containers.jsonl;results/matrix-20260916-2305/full-search-10/container-identities.jsonl
single,search,10,book-reviews-a4-redis-1,87235cf2e925,redis,0.8717073170731707,0.26,3.44,41,8.480878048780488,7.941,9.129,41,6.0,6.0,6.0,41,2026-09-17T02:36:21.4370132Z,2026-09-17T02:41:31.3382116Z,results/matrix-20260916-2305/full-search-10/containers.jsonl;results/matrix-20260916-2305/full-search-10/container-identities.jsonl
single,search,10,book-reviews-a4-traefik-1,9848c97527b3,traefik,1.6160975609756099,0.0,19.51,41,115.84878048780487,114.7,126.7,41,17.146341463414632,17.0,23.0,41,2026-09-17T02:36:21.4370132Z,2026-09-17T02:41:31.3382116Z,results/matrix-20260916-2305/full-search-10/containers.jsonl;results/matrix-20260916-2305/full-search-10/container-identities.jsonl
single,search,10,book-reviews-a4-web-1,a42d74844cf7,web,0.5968292682926829,0.01,3.69,41,118.53414634146341,117.6,123.2,41,11.0,11.0,11.0,41,2026-09-17T02:36:21.4370132Z,2026-09-17T02:41:31.3382116Z,results/matrix-20260916-2305/full-search-10/containers.jsonl;results/matrix-20260916-2305/full-search-10/container-identities.jsonl
single,search,10,book-reviews-a4-db-1,ca43277e8356,db,1.623658536585366,0.0,3.82,41,49.309024390243906,47.98,54.11,41,7.146341463414634,7.0,13.0,41,2026-09-17T02:36:21.4370132Z,2026-09-17T02:41:31.3382116Z,results/matrix-20260916-2305/full-search-10/containers.jsonl;results/matrix-20260916-2305/full-search-10/container-identities.jsonl
single,search,100,book-reviews-a4-opensearch-1,48f7e9560c08,opensearch,1.59025,0.59,7.92,40,1473.3568,1472.512,1474.56,40,129.0,129.0,129.0,40,2026-09-17T02:57:15.9148609Z,2026-09-17T03:02:24.4575394Z,results/matrix-20260916-2305/full-search-100/containers.jsonl;results/matrix-20260916-2305/full-search-100/container-identities.jsonl
single,search,100,book-reviews-a4-static-1,69b93e454d61,static,0.8835,0.01,3.65,40,28.29075,27.01,32.43,40,9.0,9.0,9.0,40,2026-09-17T02:57:15.9148609Z,2026-09-17T03:02:24.4575394Z,results/matrix-20260916-2305/full-search-100/containers.jsonl;results/matrix-20260916-2305/full-search-100/container-identities.jsonl
single,search,100,book-reviews-a4-redis-1,87235cf2e925,redis,0.9005,0.27,3.76,40,9.97225,9.418,10.59,40,6.0,6.0,6.0,40,2026-09-17T02:57:15.9148609Z,2026-09-17T03:02:24.4575394Z,results/matrix-20260916-2305/full-search-100/containers.jsonl;results/matrix-20260916-2305/full-search-100/container-identities.jsonl
single,search,100,book-reviews-a4-traefik-1,9848c97527b3,traefik,1.793,0.0,9.95,40,117.715,117.0,119.0,40,17.225,17.0,26.0,40,2026-09-17T02:57:15.9148609Z,2026-09-17T03:02:24.4575394Z,results/matrix-20260916-2305/full-search-100/containers.jsonl;results/matrix-20260916-2305/full-search-100/container-identities.jsonl
single,search,100,book-reviews-a4-web-1,a42d74844cf7,web,1.3605,0.01,15.83,40,123.795,122.7,128.6,40,11.0,11.0,11.0,40,2026-09-17T02:57:15.9148609Z,2026-09-17T03:02:24.4575394Z,results/matrix-20260916-2305/full-search-100/containers.jsonl;results/matrix-20260916-2305/full-search-100/container-identities.jsonl
single,search,100,book-reviews-a4-db-1,ca43277e8356,db,1.66475,0.0,4.58,40,49.84775,48.97,55.39,40,7.0,7.0,7.0,40,2026-09-17T02:57:15.9148609Z,2026-09-17T03:02:24.4575394Z,results/matrix-20260916-2305/full-search-100/containers.jsonl;results/matrix-20260916-2305/full-search-100/container-identities.jsonl
single,search,1000,book-reviews-a4-opensearch-1,48f7e9560c08,opensearch,5.29375,0.69,24.59,40,1478.0416,1472.512,1483.776,40,129.0,129.0,129.0,40,2026-09-17T03:18:09.7540095Z,2026-09-17T03:23:19.6602026Z,results/matrix-20260916-2305/full-search-1000/containers.jsonl;results/matrix-20260916-2305/full-search-1000/container-identities.jsonl
single,search,1000,book-reviews-a4-static-1,69b93e454d61,static,0.68975,0.0,3.58,40,28.906,28.12,29.84,40,9.0,9.0,9.0,40,2026-09-17T03:18:09.7540095Z,2026-09-17T03:23:19.6602026Z,results/matrix-20260916-2305/full-search-1000/containers.jsonl;results/matrix-20260916-2305/full-search-1000/container-identities.jsonl
single,search,1000,book-reviews-a4-redis-1,87235cf2e925,redis,0.8925,0.34,3.47,40,10.5326,9.594,11.14,40,6.0,6.0,6.0,40,2026-09-17T03:18:09.7540095Z,2026-09-17T03:23:19.6602026Z,results/matrix-20260916-2305/full-search-1000/containers.jsonl;results/matrix-20260916-2305/full-search-1000/container-identities.jsonl
single,search,1000,book-reviews-a4-traefik-1,9848c97527b3,traefik,1.75925,0.07,8.76,40,120.02,118.1,129.1,40,17.0,17.0,17.0,40,2026-09-17T03:18:09.7540095Z,2026-09-17T03:23:19.6602026Z,results/matrix-20260916-2305/full-search-1000/containers.jsonl;results/matrix-20260916-2305/full-search-1000/container-identities.jsonl
single,search,1000,book-reviews-a4-web-1,a42d74844cf7,web,3.375,0.02,7.05,40,132.0375,131.4,133.5,40,11.15,11.0,17.0,40,2026-09-17T03:18:09.7540095Z,2026-09-17T03:23:19.6602026Z,results/matrix-20260916-2305/full-search-1000/containers.jsonl;results/matrix-20260916-2305/full-search-1000/container-identities.jsonl
single,search,1000,book-reviews-a4-db-1,ca43277e8356,db,1.58925,0.03,5.06,40,52.012,51.16,52.58,40,8.15,8.0,14.0,40,2026-09-17T03:18:09.7540095Z,2026-09-17T03:23:19.6602026Z,results/matrix-20260916-2305/full-search-1000/containers.jsonl;results/matrix-20260916-2305/full-search-1000/container-identities.jsonl
single,search,5000,book-reviews-a4-opensearch-1,48f7e9560c08,opensearch,8.654,0.66,27.8,40,1493.4016,1472.512,1533.952,40,129.125,129.0,131.0,40,2026-09-17T03:39:17.7905078Z,2026-09-17T03:44:31.7308880Z,results/matrix-20260916-2305/full-search-5000/containers.jsonl;results/matrix-20260916-2305/full-search-5000/container-identities.jsonl
single,search,5000,book-reviews-a4-static-1,69b93e454d61,static,0.83575,0.01,3.9,40,29.509,28.68,34.2,40,9.0,9.0,9.0,40,2026-09-17T03:39:17.7905078Z,2026-09-17T03:44:31.7308880Z,results/matrix-20260916-2305/full-search-5000/containers.jsonl;results/matrix-20260916-2305/full-search-5000/container-identities.jsonl
single,search,5000,book-reviews-a4-redis-1,87235cf2e925,redis,0.866,0.33,3.83,40,13.4025,11.95,14.87,40,6.15,6.0,12.0,40,2026-09-17T03:39:17.7905078Z,2026-09-17T03:44:31.7308880Z,results/matrix-20260916-2305/full-search-5000/containers.jsonl;results/matrix-20260916-2305/full-search-5000/container-identities.jsonl
single,search,5000,book-reviews-a4-traefik-1,9848c97527b3,traefik,4.37,0.06,10.96,40,121.86,119.0,133.4,40,17.0,17.0,17.0,40,2026-09-17T03:39:17.7905078Z,2026-09-17T03:44:31.7308880Z,results/matrix-20260916-2305/full-search-5000/containers.jsonl;results/matrix-20260916-2305/full-search-5000/container-identities.jsonl
single,search,5000,book-reviews-a4-web-1,a42d74844cf7,web,12.8005,0.02,17.73,40,135.5825,134.8,136.6,40,11.05,11.0,12.0,40,2026-09-17T03:39:17.7905078Z,2026-09-17T03:44:31.7308880Z,results/matrix-20260916-2305/full-search-5000/containers.jsonl;results/matrix-20260916-2305/full-search-5000/container-identities.jsonl
single,search,5000,book-reviews-a4-db-1,ca43277e8356,db,2.83675,0.03,5.57,40,51.7335,50.37,56.59,40,8.0,8.0,8.0,40,2026-09-17T03:39:17.7905078Z,2026-09-17T03:44:31.7308880Z,results/matrix-20260916-2305/full-search-5000/containers.jsonl;results/matrix-20260916-2305/full-search-5000/container-identities.jsonl
single,static,1,book-reviews-a4-opensearch-1,48f7e9560c08,opensearch,1.6685714285714286,0.57,26.8,42,1483.751619047619,1471.488,1496.064,42,125.0952380952381,125.0,128.0,42,2026-09-17T02:04:47.6563451Z,2026-09-17T02:09:58.5923382Z,results/matrix-20260916-2305/full-static-1/containers.jsonl;results/matrix-20260916-2305/full-static-1/container-identities.jsonl
single,static,1,book-reviews-a4-static-1,69b93e454d61,static,0.8857142857142857,0.01,3.26,42,24.186666666666667,22.85,28.4,42,9.0,9.0,9.0,42,2026-09-17T02:04:47.6563451Z,2026-09-17T02:09:58.5923382Z,results/matrix-20260916-2305/full-static-1/containers.jsonl;results/matrix-20260916-2305/full-static-1/container-identities.jsonl
single,static,1,book-reviews-a4-redis-1,87235cf2e925,redis,0.5619047619047619,0.25,3.12,42,8.59947619047619,7.957,12.32,42,6.142857142857143,6.0,12.0,42,2026-09-17T02:04:47.6563451Z,2026-09-17T02:09:58.5923382Z,results/matrix-20260916-2305/full-static-1/containers.jsonl;results/matrix-20260916-2305/full-static-1/container-identities.jsonl
single,static,1,book-reviews-a4-traefik-1,9848c97527b3,traefik,1.0019047619047619,0.0,12.78,42,112.44047619047619,111.2,113.7,42,17.142857142857142,17.0,23.0,42,2026-09-17T02:04:47.6563451Z,2026-09-17T02:09:58.5923382Z,results/matrix-20260916-2305/full-static-1/containers.jsonl;results/matrix-20260916-2305/full-static-1/container-identities.jsonl
single,static,1,book-reviews-a4-web-1,a42d74844cf7,web,0.8007142857142857,0.01,8.59,42,105.37857142857143,101.5,109.9,42,10.0,10.0,10.0,42,2026-09-17T02:04:47.6563451Z,2026-09-17T02:09:58.5923382Z,results/matrix-20260916-2305/full-static-1/containers.jsonl;results/matrix-20260916-2305/full-static-1/container-identities.jsonl
single,static,1,book-reviews-a4-db-1,ca43277e8356,db,1.2464285714285714,0.0,3.94,42,48.94738095238095,47.68,50.14,42,7.0,7.0,7.0,42,2026-09-17T02:04:47.6563451Z,2026-09-17T02:09:58.5923382Z,results/matrix-20260916-2305/full-static-1/containers.jsonl;results/matrix-20260916-2305/full-static-1/container-identities.jsonl
single,static,10,book-reviews-a4-opensearch-1,48f7e9560c08,opensearch,1.1373170731707318,0.54,9.81,41,1471.8126829268292,1471.488,1472.512,41,127.0,127.0,127.0,41,2026-09-17T02:25:53.4913464Z,2026-09-17T02:31:04.0196599Z,results/matrix-20260916-2305/full-static-10/containers.jsonl;results/matrix-20260916-2305/full-static-10/container-identities.jsonl
single,static,10,book-reviews-a4-static-1,69b93e454d61,static,0.5917073170731707,0.01,3.44,41,25.986341463414636,24.57,27.03,41,9.0,9.0,9.0,41,2026-09-17T02:25:53.4913464Z,2026-09-17T02:31:04.0196599Z,results/matrix-20260916-2305/full-static-10/containers.jsonl;results/matrix-20260916-2305/full-static-10/container-identities.jsonl
single,static,10,book-reviews-a4-redis-1,87235cf2e925,redis,0.8480487804878049,0.26,3.16,41,8.300756097560976,7.637,8.891,41,6.0,6.0,6.0,41,2026-09-17T02:25:53.4913464Z,2026-09-17T02:31:04.0196599Z,results/matrix-20260916-2305/full-static-10/containers.jsonl;results/matrix-20260916-2305/full-static-10/container-identities.jsonl
single,static,10,book-reviews-a4-traefik-1,9848c97527b3,traefik,1.3075609756097561,0.0,8.11,41,115.5,114.2,130.9,41,17.0,17.0,17.0,41,2026-09-17T02:25:53.4913464Z,2026-09-17T02:31:04.0196599Z,results/matrix-20260916-2305/full-static-10/containers.jsonl;results/matrix-20260916-2305/full-static-10/container-identities.jsonl
single,static,10,book-reviews-a4-web-1,a42d74844cf7,web,0.7417073170731707,0.01,3.68,41,116.55365853658536,115.1,121.2,41,11.0,11.0,11.0,41,2026-09-17T02:25:53.4913464Z,2026-09-17T02:31:04.0196599Z,results/matrix-20260916-2305/full-static-10/containers.jsonl;results/matrix-20260916-2305/full-static-10/container-identities.jsonl
single,static,10,book-reviews-a4-db-1,ca43277e8356,db,1.7414634146341463,0.0,3.79,41,49.50170731707317,47.82,55.76,41,7.146341463414634,7.0,8.0,41,2026-09-17T02:25:53.4913464Z,2026-09-17T02:31:04.0196599Z,results/matrix-20260916-2305/full-static-10/containers.jsonl;results/matrix-20260916-2305/full-static-10/container-identities.jsonl
single,static,100,book-reviews-a4-opensearch-1,48f7e9560c08,opensearch,0.9330952380952381,0.49,3.76,42,1473.5116190476192,1472.512,1474.56,42,127.0,127.0,127.0,42,2026-09-17T02:46:48.3580351Z,2026-09-17T02:51:59.8194846Z,results/matrix-20260916-2305/full-static-100/containers.jsonl;results/matrix-20260916-2305/full-static-100/container-identities.jsonl
single,static,100,book-reviews-a4-static-1,69b93e454d61,static,1.124047619047619,0.01,5.43,42,27.948809523809523,26.32,32.46,42,9.0,9.0,9.0,42,2026-09-17T02:46:48.3580351Z,2026-09-17T02:51:59.8194846Z,results/matrix-20260916-2305/full-static-100/containers.jsonl;results/matrix-20260916-2305/full-static-100/container-identities.jsonl
single,static,100,book-reviews-a4-redis-1,87235cf2e925,redis,1.1407142857142858,0.27,3.29,42,8.698833333333333,7.738,13.32,42,6.0,6.0,6.0,42,2026-09-17T02:46:48.3580351Z,2026-09-17T02:51:59.8194846Z,results/matrix-20260916-2305/full-static-100/containers.jsonl;results/matrix-20260916-2305/full-static-100/container-identities.jsonl
single,static,100,book-reviews-a4-traefik-1,9848c97527b3,traefik,1.0345238095238096,0.0,7.67,42,116.59047619047618,115.6,117.6,42,17.0,17.0,17.0,42,2026-09-17T02:46:48.3580351Z,2026-09-17T02:51:59.8194846Z,results/matrix-20260916-2305/full-static-100/containers.jsonl;results/matrix-20260916-2305/full-static-100/container-identities.jsonl
single,static,100,book-reviews-a4-web-1,a42d74844cf7,web,0.6485714285714286,0.01,3.53,42,119.89047619047619,119.1,120.6,42,11.0,11.0,11.0,42,2026-09-17T02:46:48.3580351Z,2026-09-17T02:51:59.8194846Z,results/matrix-20260916-2305/full-static-100/containers.jsonl;results/matrix-20260916-2305/full-static-100/container-identities.jsonl
single,static,100,book-reviews-a4-db-1,ca43277e8356,db,1.5666666666666667,0.0,3.61,42,49.55,48.34,54.03,42,7.0,7.0,7.0,42,2026-09-17T02:46:48.3580351Z,2026-09-17T02:51:59.8194846Z,results/matrix-20260916-2305/full-static-100/containers.jsonl;results/matrix-20260916-2305/full-static-100/container-identities.jsonl
single,static,1000,book-reviews-a4-opensearch-1,48f7e9560c08,opensearch,1.0115,0.63,4.54,40,1472.3584,1471.488,1476.608,40,129.0,129.0,129.0,40,2026-09-17T03:07:42.4781207Z,2026-09-17T03:12:50.1082239Z,results/matrix-20260916-2305/full-static-1000/containers.jsonl;results/matrix-20260916-2305/full-static-1000/container-identities.jsonl
single,static,1000,book-reviews-a4-static-1,69b93e454d61,static,0.86225,0.01,5.02,40,29.28025,28.6,29.86,40,9.0,9.0,9.0,40,2026-09-17T03:07:42.4781207Z,2026-09-17T03:12:50.1082239Z,results/matrix-20260916-2305/full-static-1000/containers.jsonl;results/matrix-20260916-2305/full-static-1000/container-identities.jsonl
single,static,1000,book-reviews-a4-redis-1,87235cf2e925,redis,0.99825,0.27,3.77,40,9.957699999999999,9.309,14.06,40,6.0,6.0,6.0,40,2026-09-17T03:07:42.4781207Z,2026-09-17T03:12:50.1082239Z,results/matrix-20260916-2305/full-static-1000/containers.jsonl;results/matrix-20260916-2305/full-static-1000/container-identities.jsonl
single,static,1000,book-reviews-a4-traefik-1,9848c97527b3,traefik,2.7975,0.06,8.76,40,119.1325,117.7,129.7,40,17.0,17.0,17.0,40,2026-09-17T03:07:42.4781207Z,2026-09-17T03:12:50.1082239Z,results/matrix-20260916-2305/full-static-1000/containers.jsonl;results/matrix-20260916-2305/full-static-1000/container-identities.jsonl
single,static,1000,book-reviews-a4-web-1,a42d74844cf7,web,1.11625,0.01,4.24,40,125.0475,124.0,126.1,40,11.0,11.0,11.0,40,2026-09-17T03:07:42.4781207Z,2026-09-17T03:12:50.1082239Z,results/matrix-20260916-2305/full-static-1000/containers.jsonl;results/matrix-20260916-2305/full-static-1000/container-identities.jsonl
single,static,1000,book-reviews-a4-db-1,ca43277e8356,db,2.12125,0.0,4.02,40,49.555,48.66,56.32,40,7.0,7.0,7.0,40,2026-09-17T03:07:42.4781207Z,2026-09-17T03:12:50.1082239Z,results/matrix-20260916-2305/full-static-1000/containers.jsonl;results/matrix-20260916-2305/full-static-1000/container-identities.jsonl
single,static,5000,book-reviews-a4-opensearch-1,48f7e9560c08,opensearch,0.9745,0.61,4.49,40,1483.6992,1482.752,1484.8,40,129.0,129.0,129.0,40,2026-09-17T03:28:43.2713454Z,2026-09-17T03:33:51.9684763Z,results/matrix-20260916-2305/full-static-5000/containers.jsonl;results/matrix-20260916-2305/full-static-5000/container-identities.jsonl
single,static,5000,book-reviews-a4-static-1,69b93e454d61,static,2.3255,0.01,5.4,40,29.962,29.27,35.61,40,9.025,9.0,10.0,40,2026-09-17T03:28:43.2713454Z,2026-09-17T03:33:51.9684763Z,results/matrix-20260916-2305/full-static-5000/containers.jsonl;results/matrix-20260916-2305/full-static-5000/container-identities.jsonl
single,static,5000,book-reviews-a4-redis-1,87235cf2e925,redis,1.0165,0.29,3.33,40,10.77725,10.0,11.31,40,6.0,6.0,6.0,40,2026-09-17T03:28:43.2713454Z,2026-09-17T03:33:51.9684763Z,results/matrix-20260916-2305/full-static-5000/containers.jsonl;results/matrix-20260916-2305/full-static-5000/container-identities.jsonl
single,static,5000,book-reviews-a4-traefik-1,9848c97527b3,traefik,3.88275,0.11,11.22,40,120.7125,118.9,121.7,40,17.0,17.0,17.0,40,2026-09-17T03:28:43.2713454Z,2026-09-17T03:33:51.9684763Z,results/matrix-20260916-2305/full-static-5000/containers.jsonl;results/matrix-20260916-2305/full-static-5000/container-identities.jsonl
single,static,5000,book-reviews-a4-web-1,a42d74844cf7,web,1.18175,0.01,4.09,40,132.4025,131.2,133.9,40,11.0,11.0,11.0,40,2026-09-17T03:28:43.2713454Z,2026-09-17T03:33:51.9684763Z,results/matrix-20260916-2305/full-static-5000/containers.jsonl;results/matrix-20260916-2305/full-static-5000/container-identities.jsonl
single,static,5000,book-reviews-a4-db-1,ca43277e8356,db,1.8535,0.0,4.74,40,50.03,48.83,54.41,40,7.175,7.0,8.0,40,2026-09-17T03:28:43.2713454Z,2026-09-17T03:33:51.9684763Z,results/matrix-20260916-2305/full-static-5000/containers.jsonl;results/matrix-20260916-2305/full-static-5000/container-identities.jsonl
x3,aggregation,1,book-reviews-a4-web-1,348cd506525f,web,0.7417948717948718,0.0,4.22,39,113.07692307692308,109.7,117.6,39,10.0,10.0,10.0,39,2026-09-17T03:55:29.9638666Z,2026-09-17T04:00:39.3837660Z,results/matrix-20260916-2305/scaled-aggregation-1/containers.jsonl;results/matrix-20260916-2305/scaled-aggregation-1/container-identities.jsonl
x3,aggregation,1,book-reviews-a4-opensearch-1,48f7e9560c08,opensearch,1.4356410256410257,0.58,6.71,39,1498.2432820512822,1498.112,1499.136,39,129.0,129.0,129.0,39,2026-09-17T03:55:29.9638666Z,2026-09-17T04:00:39.3837660Z,results/matrix-20260916-2305/scaled-aggregation-1/containers.jsonl;results/matrix-20260916-2305/scaled-aggregation-1/container-identities.jsonl
x3,aggregation,1,book-reviews-a4-web-2,660681595a5e,web,0.8702564102564102,0.0,5.84,39,109.52564102564102,108.7,113.8,39,10.051282051282051,10.0,12.0,39,2026-09-17T03:55:29.9638666Z,2026-09-17T04:00:39.3837660Z,results/matrix-20260916-2305/scaled-aggregation-1/containers.jsonl;results/matrix-20260916-2305/scaled-aggregation-1/container-identities.jsonl
x3,aggregation,1,book-reviews-a4-static-1,69b93e454d61,static,0.6138461538461538,0.01,3.56,39,30.032307692307693,29.37,30.96,39,9.0,9.0,9.0,39,2026-09-17T03:55:29.9638666Z,2026-09-17T04:00:39.3837660Z,results/matrix-20260916-2305/scaled-aggregation-1/containers.jsonl;results/matrix-20260916-2305/scaled-aggregation-1/container-identities.jsonl
x3,aggregation,1,book-reviews-a4-redis-1,87235cf2e925,redis,0.9105128205128206,0.3,3.45,39,15.327948717948718,14.62,15.91,39,6.0,6.0,6.0,39,2026-09-17T03:55:29.9638666Z,2026-09-17T04:00:39.3837660Z,results/matrix-20260916-2305/scaled-aggregation-1/containers.jsonl;results/matrix-20260916-2305/scaled-aggregation-1/container-identities.jsonl
x3,aggregation,1,book-reviews-a4-traefik-1,9848c97527b3,traefik,1.4682051282051283,0.0,7.88,39,119.41025641025641,118.5,121.0,39,18.0,18.0,18.0,39,2026-09-17T03:55:29.9638666Z,2026-09-17T04:00:39.3837660Z,results/matrix-20260916-2305/scaled-aggregation-1/containers.jsonl;results/matrix-20260916-2305/scaled-aggregation-1/container-identities.jsonl
x3,aggregation,1,book-reviews-a4-web-3,a1cb37b7da6b,web,0.44358974358974357,0.01,3.94,39,109.64102564102564,109.0,110.4,39,10.0,10.0,10.0,39,2026-09-17T03:55:29.9638666Z,2026-09-17T04:00:39.3837660Z,results/matrix-20260916-2305/scaled-aggregation-1/containers.jsonl;results/matrix-20260916-2305/scaled-aggregation-1/container-identities.jsonl
x3,aggregation,1,book-reviews-a4-db-1,ca43277e8356,db,1.705128205128205,0.0,5.3,39,52.91461538461539,52.18,53.98,39,9.0,9.0,9.0,39,2026-09-17T03:55:29.9638666Z,2026-09-17T04:00:39.3837660Z,results/matrix-20260916-2305/scaled-aggregation-1/containers.jsonl;results/matrix-20260916-2305/scaled-aggregation-1/container-identities.jsonl
x3,aggregation,10,book-reviews-a4-web-1,348cd506525f,web,0.9505128205128205,0.01,4.47,39,115.46666666666667,113.3,117.0,39,10.0,10.0,10.0,39,2026-09-17T04:16:39.4038866Z,2026-09-17T04:21:51.5115724Z,results/matrix-20260916-2305/scaled-aggregation-10/containers.jsonl;results/matrix-20260916-2305/scaled-aggregation-10/container-identities.jsonl
x3,aggregation,10,book-reviews-a4-opensearch-1,48f7e9560c08,opensearch,2.250769230769231,0.6,36.3,39,1524.4209230769231,1500.16,1534.976,39,129.05128205128204,129.0,131.0,39,2026-09-17T04:16:39.4038866Z,2026-09-17T04:21:51.5115724Z,results/matrix-20260916-2305/scaled-aggregation-10/containers.jsonl;results/matrix-20260916-2305/scaled-aggregation-10/container-identities.jsonl
x3,aggregation,10,book-reviews-a4-web-2,660681595a5e,web,1.2284615384615385,0.01,5.09,39,115.45128205128205,113.1,117.3,39,11.0,11.0,11.0,39,2026-09-17T04:16:39.4038866Z,2026-09-17T04:21:51.5115724Z,results/matrix-20260916-2305/scaled-aggregation-10/containers.jsonl;results/matrix-20260916-2305/scaled-aggregation-10/container-identities.jsonl
x3,aggregation,10,book-reviews-a4-static-1,69b93e454d61,static,0.5738461538461539,0.0,4.28,39,31.083076923076923,30.21,35.76,39,9.0,9.0,9.0,39,2026-09-17T04:16:39.4038866Z,2026-09-17T04:21:51.5115724Z,results/matrix-20260916-2305/scaled-aggregation-10/containers.jsonl;results/matrix-20260916-2305/scaled-aggregation-10/container-identities.jsonl
x3,aggregation,10,book-reviews-a4-redis-1,87235cf2e925,redis,0.8325641025641025,0.3,3.66,39,15.28974358974359,14.65,16.01,39,6.153846153846154,6.0,12.0,39,2026-09-17T04:16:39.4038866Z,2026-09-17T04:21:51.5115724Z,results/matrix-20260916-2305/scaled-aggregation-10/containers.jsonl;results/matrix-20260916-2305/scaled-aggregation-10/container-identities.jsonl
x3,aggregation,10,book-reviews-a4-traefik-1,9848c97527b3,traefik,1.8815384615384616,0.0,11.53,39,120.15384615384616,119.1,121.1,39,18.0,18.0,18.0,39,2026-09-17T04:16:39.4038866Z,2026-09-17T04:21:51.5115724Z,results/matrix-20260916-2305/scaled-aggregation-10/containers.jsonl;results/matrix-20260916-2305/scaled-aggregation-10/container-identities.jsonl
x3,aggregation,10,book-reviews-a4-web-3,a1cb37b7da6b,web,1.1517948717948718,0.01,10.98,39,116.11025641025641,113.5,117.7,39,10.0,10.0,10.0,39,2026-09-17T04:16:39.4038866Z,2026-09-17T04:21:51.5115724Z,results/matrix-20260916-2305/scaled-aggregation-10/containers.jsonl;results/matrix-20260916-2305/scaled-aggregation-10/container-identities.jsonl
x3,aggregation,10,book-reviews-a4-db-1,ca43277e8356,db,0.831025641025641,0.0,4.53,39,54.17820512820513,52.48,59.11,39,9.153846153846153,9.0,15.0,39,2026-09-17T04:16:39.4038866Z,2026-09-17T04:21:51.5115724Z,results/matrix-20260916-2305/scaled-aggregation-10/containers.jsonl;results/matrix-20260916-2305/scaled-aggregation-10/container-identities.jsonl
x3,aggregation,100,book-reviews-a4-web-1,348cd506525f,web,0.96175,0.0,5.67,40,121.24,117.9,123.3,40,11.15,11.0,17.0,40,2026-09-17T04:37:43.2327576Z,2026-09-17T04:42:57.4881114Z,results/matrix-20260916-2305/scaled-aggregation-100/containers.jsonl;results/matrix-20260916-2305/scaled-aggregation-100/container-identities.jsonl
x3,aggregation,100,book-reviews-a4-opensearch-1,48f7e9560c08,opensearch,0.878,0.58,5.24,40,1523.6608,1522.688,1524.736,40,129.0,129.0,129.0,40,2026-09-17T04:37:43.2327576Z,2026-09-17T04:42:57.4881114Z,results/matrix-20260916-2305/scaled-aggregation-100/containers.jsonl;results/matrix-20260916-2305/scaled-aggregation-100/container-identities.jsonl
x3,aggregation,100,book-reviews-a4-web-2,660681595a5e,web,1.10275,0.0,6.0,40,121.0425,117.9,122.7,40,11.0,11.0,11.0,40,2026-09-17T04:37:43.2327576Z,2026-09-17T04:42:57.4881114Z,results/matrix-20260916-2305/scaled-aggregation-100/containers.jsonl;results/matrix-20260916-2305/scaled-aggregation-100/container-identities.jsonl
x3,aggregation,100,book-reviews-a4-static-1,69b93e454d61,static,0.5755,0.01,3.45,40,30.78625,30.1,31.87,40,9.0,9.0,9.0,40,2026-09-17T04:37:43.2327576Z,2026-09-17T04:42:57.4881114Z,results/matrix-20260916-2305/scaled-aggregation-100/containers.jsonl;results/matrix-20260916-2305/scaled-aggregation-100/container-identities.jsonl
x3,aggregation,100,book-reviews-a4-redis-1,87235cf2e925,redis,1.0215,0.28,3.22,40,15.591,14.73,19.9,40,6.0,6.0,6.0,40,2026-09-17T04:37:43.2327576Z,2026-09-17T04:42:57.4881114Z,results/matrix-20260916-2305/scaled-aggregation-100/containers.jsonl;results/matrix-20260916-2305/scaled-aggregation-100/container-identities.jsonl
x3,aggregation,100,book-reviews-a4-traefik-1,9848c97527b3,traefik,1.85825,0.0,9.03,40,121.5625,119.5,123.0,40,18.0,18.0,18.0,40,2026-09-17T04:37:43.2327576Z,2026-09-17T04:42:57.4881114Z,results/matrix-20260916-2305/scaled-aggregation-100/containers.jsonl;results/matrix-20260916-2305/scaled-aggregation-100/container-identities.jsonl
x3,aggregation,100,book-reviews-a4-web-3,a1cb37b7da6b,web,1.1415,0.01,4.76,40,121.34,118.4,122.9,40,11.0,11.0,11.0,40,2026-09-17T04:37:43.2327576Z,2026-09-17T04:42:57.4881114Z,results/matrix-20260916-2305/scaled-aggregation-100/containers.jsonl;results/matrix-20260916-2305/scaled-aggregation-100/container-identities.jsonl
x3,aggregation,100,book-reviews-a4-db-1,ca43277e8356,db,1.5555,0.0,4.53,40,55.119749999999996,52.89,58.93,40,9.425,9.0,10.0,40,2026-09-17T04:37:43.2327576Z,2026-09-17T04:42:57.4881114Z,results/matrix-20260916-2305/scaled-aggregation-100/containers.jsonl;results/matrix-20260916-2305/scaled-aggregation-100/container-identities.jsonl
x3,aggregation,1000,book-reviews-a4-web-1,348cd506525f,web,1.418780487804878,0.0,4.28,41,125.64390243902439,122.9,131.4,41,11.0,11.0,11.0,41,2026-09-17T04:58:49.2756626Z,2026-09-17T05:04:01.9797320Z,results/matrix-20260916-2305/scaled-aggregation-1000/containers.jsonl;results/matrix-20260916-2305/scaled-aggregation-1000/container-identities.jsonl
x3,aggregation,1000,book-reviews-a4-opensearch-1,48f7e9560c08,opensearch,2.15,0.49,55.25,41,1523.6370731707318,1498.112,1529.856,41,130.70731707317074,129.0,137.0,41,2026-09-17T04:58:49.2756626Z,2026-09-17T05:04:01.9797320Z,results/matrix-20260916-2305/scaled-aggregation-1000/containers.jsonl;results/matrix-20260916-2305/scaled-aggregation-1000/container-identities.jsonl
x3,aggregation,1000,book-reviews-a4-web-2,660681595a5e,web,1.5029268292682927,0.01,5.02,41,125.49512195121952,122.2,126.8,41,11.0,11.0,11.0,41,2026-09-17T04:58:49.2756626Z,2026-09-17T05:04:01.9797320Z,results/matrix-20260916-2305/scaled-aggregation-1000/containers.jsonl;results/matrix-20260916-2305/scaled-aggregation-1000/container-identities.jsonl
x3,aggregation,1000,book-reviews-a4-static-1,69b93e454d61,static,0.6348780487804878,0.0,3.43,41,30.114390243902438,29.64,31.4,41,9.0,9.0,9.0,41,2026-09-17T04:58:49.2756626Z,2026-09-17T05:04:01.9797320Z,results/matrix-20260916-2305/scaled-aggregation-1000/containers.jsonl;results/matrix-20260916-2305/scaled-aggregation-1000/container-identities.jsonl
x3,aggregation,1000,book-reviews-a4-redis-1,87235cf2e925,redis,0.7117073170731707,0.29,2.61,41,15.862439024390245,14.93,16.62,41,6.146341463414634,6.0,12.0,41,2026-09-17T04:58:49.2756626Z,2026-09-17T05:04:01.9797320Z,results/matrix-20260916-2305/scaled-aggregation-1000/containers.jsonl;results/matrix-20260916-2305/scaled-aggregation-1000/container-identities.jsonl
x3,aggregation,1000,book-reviews-a4-traefik-1,9848c97527b3,traefik,1.4841463414634146,0.02,6.51,41,122.92926829268292,120.5,123.9,41,18.0,18.0,18.0,41,2026-09-17T04:58:49.2756626Z,2026-09-17T05:04:01.9797320Z,results/matrix-20260916-2305/scaled-aggregation-1000/containers.jsonl;results/matrix-20260916-2305/scaled-aggregation-1000/container-identities.jsonl
x3,aggregation,1000,book-reviews-a4-web-3,a1cb37b7da6b,web,1.298048780487805,0.01,4.92,41,124.98536585365854,121.9,126.2,41,11.0,11.0,11.0,41,2026-09-17T04:58:49.2756626Z,2026-09-17T05:04:01.9797320Z,results/matrix-20260916-2305/scaled-aggregation-1000/containers.jsonl;results/matrix-20260916-2305/scaled-aggregation-1000/container-identities.jsonl
x3,aggregation,1000,book-reviews-a4-db-1,ca43277e8356,db,1.705609756097561,0.0,3.93,41,56.38341463414634,53.57,62.98,41,10.268292682926829,9.0,15.0,41,2026-09-17T04:58:49.2756626Z,2026-09-17T05:04:01.9797320Z,results/matrix-20260916-2305/scaled-aggregation-1000/containers.jsonl;results/matrix-20260916-2305/scaled-aggregation-1000/container-identities.jsonl
x3,aggregation,5000,book-reviews-a4-web-1,348cd506525f,web,4.40375,0.03,7.8,40,129.98,128.3,131.4,40,11.0,11.0,11.0,40,2026-09-17T05:19:54.6378855Z,2026-09-17T05:24:59.6938655Z,results/matrix-20260916-2305/scaled-aggregation-5000/containers.jsonl;results/matrix-20260916-2305/scaled-aggregation-5000/container-identities.jsonl
x3,aggregation,5000,book-reviews-a4-opensearch-1,48f7e9560c08,opensearch,0.7865,0.43,3.68,40,1493.2223999999999,1492.992,1494.016,40,131.0,131.0,131.0,40,2026-09-17T05:19:54.6378855Z,2026-09-17T05:24:59.6938655Z,results/matrix-20260916-2305/scaled-aggregation-5000/containers.jsonl;results/matrix-20260916-2305/scaled-aggregation-5000/container-identities.jsonl
x3,aggregation,5000,book-reviews-a4-web-2,660681595a5e,web,4.6049999999999995,0.22,7.63,40,130.8375,129.0,135.6,40,11.0,11.0,11.0,40,2026-09-17T05:19:54.6378855Z,2026-09-17T05:24:59.6938655Z,results/matrix-20260916-2305/scaled-aggregation-5000/containers.jsonl;results/matrix-20260916-2305/scaled-aggregation-5000/container-identities.jsonl
x3,aggregation,5000,book-reviews-a4-static-1,69b93e454d61,static,0.472,0.0,2.75,40,30.16875,29.77,37.45,40,9.0,9.0,9.0,40,2026-09-17T05:19:54.6378855Z,2026-09-17T05:24:59.6938655Z,results/matrix-20260916-2305/scaled-aggregation-5000/containers.jsonl;results/matrix-20260916-2305/scaled-aggregation-5000/container-identities.jsonl
x3,aggregation,5000,book-reviews-a4-redis-1,87235cf2e925,redis,1.21725,0.28,3.19,40,17.498,15.52,20.5,40,6.0,6.0,6.0,40,2026-09-17T05:19:54.6378855Z,2026-09-17T05:24:59.6938655Z,results/matrix-20260916-2305/scaled-aggregation-5000/containers.jsonl;results/matrix-20260916-2305/scaled-aggregation-5000/container-identities.jsonl
x3,aggregation,5000,book-reviews-a4-traefik-1,9848c97527b3,traefik,3.91425,0.27,8.68,40,124.275,121.4,140.4,40,18.275,18.0,29.0,40,2026-09-17T05:19:54.6378855Z,2026-09-17T05:24:59.6938655Z,results/matrix-20260916-2305/scaled-aggregation-5000/containers.jsonl;results/matrix-20260916-2305/scaled-aggregation-5000/container-identities.jsonl
x3,aggregation,5000,book-reviews-a4-web-3,a1cb37b7da6b,web,4.38325,0.24,7.64,40,130.09,128.1,135.0,40,11.0,11.0,11.0,40,2026-09-17T05:19:54.6378855Z,2026-09-17T05:24:59.6938655Z,results/matrix-20260916-2305/scaled-aggregation-5000/containers.jsonl;results/matrix-20260916-2305/scaled-aggregation-5000/container-identities.jsonl
x3,aggregation,5000,book-reviews-a4-db-1,ca43277e8356,db,2.54,1.33,4.45,40,56.6225,54.43,60.99,40,9.925,9.0,11.0,40,2026-09-17T05:19:54.6378855Z,2026-09-17T05:24:59.6938655Z,results/matrix-20260916-2305/scaled-aggregation-5000/containers.jsonl;results/matrix-20260916-2305/scaled-aggregation-5000/container-identities.jsonl
x3,book,1,book-reviews-a4-web-1,348cd506525f,web,0.9028205128205128,0.01,4.21,39,113.44615384615385,112.7,114.4,39,10.0,10.0,10.0,39,2026-09-17T04:06:04.9024852Z,2026-09-17T04:11:14.3407504Z,results/matrix-20260916-2305/scaled-book-1/containers.jsonl;results/matrix-20260916-2305/scaled-book-1/container-identities.jsonl
x3,book,1,book-reviews-a4-opensearch-1,48f7e9560c08,opensearch,0.9107692307692308,0.6,5.05,39,1526.7577435897435,1525.76,1527.808,39,129.0,129.0,129.0,39,2026-09-17T04:06:04.9024852Z,2026-09-17T04:11:14.3407504Z,results/matrix-20260916-2305/scaled-book-1/containers.jsonl;results/matrix-20260916-2305/scaled-book-1/container-identities.jsonl
x3,book,1,book-reviews-a4-web-2,660681595a5e,web,0.6666666666666666,0.0,4.62,39,112.23846153846154,111.2,112.8,39,11.0,11.0,11.0,39,2026-09-17T04:06:04.9024852Z,2026-09-17T04:11:14.3407504Z,results/matrix-20260916-2305/scaled-book-1/containers.jsonl;results/matrix-20260916-2305/scaled-book-1/container-identities.jsonl
x3,book,1,book-reviews-a4-static-1,69b93e454d61,static,0.8933333333333333,0.01,3.84,39,30.924358974358974,30.07,32.0,39,9.153846153846153,9.0,15.0,39,2026-09-17T04:06:04.9024852Z,2026-09-17T04:11:14.3407504Z,results/matrix-20260916-2305/scaled-book-1/containers.jsonl;results/matrix-20260916-2305/scaled-book-1/container-identities.jsonl
x3,book,1,book-reviews-a4-redis-1,87235cf2e925,redis,0.9969230769230769,0.29,3.41,39,15.292564102564102,14.68,16.31,39,6.0,6.0,6.0,39,2026-09-17T04:06:04.9024852Z,2026-09-17T04:11:14.3407504Z,results/matrix-20260916-2305/scaled-book-1/containers.jsonl;results/matrix-20260916-2305/scaled-book-1/container-identities.jsonl
x3,book,1,book-reviews-a4-traefik-1,9848c97527b3,traefik,1.5233333333333334,0.0,8.24,39,119.4948717948718,118.3,123.7,39,18.153846153846153,18.0,24.0,39,2026-09-17T04:06:04.9024852Z,2026-09-17T04:11:14.3407504Z,results/matrix-20260916-2305/scaled-book-1/containers.jsonl;results/matrix-20260916-2305/scaled-book-1/container-identities.jsonl
x3,book,1,book-reviews-a4-web-3,a1cb37b7da6b,web,0.5464102564102564,0.01,3.9,39,112.88461538461539,109.9,114.0,39,10.025641025641026,10.0,11.0,39,2026-09-17T04:06:04.9024852Z,2026-09-17T04:11:14.3407504Z,results/matrix-20260916-2305/scaled-book-1/containers.jsonl;results/matrix-20260916-2305/scaled-book-1/container-identities.jsonl
x3,book,1,book-reviews-a4-db-1,ca43277e8356,db,1.1843589743589744,0.0,8.32,39,54.33794871794872,53.03,56.0,39,9.564102564102564,9.0,15.0,39,2026-09-17T04:06:04.9024852Z,2026-09-17T04:11:14.3407504Z,results/matrix-20260916-2305/scaled-book-1/containers.jsonl;results/matrix-20260916-2305/scaled-book-1/container-identities.jsonl
x3,book,10,book-reviews-a4-web-1,348cd506525f,web,0.9674358974358974,0.0,4.95,39,118.27435897435898,115.8,119.2,39,11.0,11.0,11.0,39,2026-09-17T04:27:13.1386419Z,2026-09-17T04:32:24.6602414Z,results/matrix-20260916-2305/scaled-book-10/containers.jsonl;results/matrix-20260916-2305/scaled-book-10/container-identities.jsonl
x3,book,10,book-reviews-a4-opensearch-1,48f7e9560c08,opensearch,1.0333333333333334,0.61,4.29,39,1525.6812307692308,1523.712,1530.88,39,129.0,129.0,129.0,39,2026-09-17T04:27:13.1386419Z,2026-09-17T04:32:24.6602414Z,results/matrix-20260916-2305/scaled-book-10/containers.jsonl;results/matrix-20260916-2305/scaled-book-10/container-identities.jsonl
x3,book,10,book-reviews-a4-web-2,660681595a5e,web,0.6248717948717949,0.0,3.78,39,117.23589743589744,115.4,118.9,39,11.0,11.0,11.0,39,2026-09-17T04:27:13.1386419Z,2026-09-17T04:32:24.6602414Z,results/matrix-20260916-2305/scaled-book-10/containers.jsonl;results/matrix-20260916-2305/scaled-book-10/container-identities.jsonl
x3,book,10,book-reviews-a4-static-1,69b93e454d61,static,0.6464102564102564,0.01,3.76,39,31.043589743589745,30.36,34.62,39,9.0,9.0,9.0,39,2026-09-17T04:27:13.1386419Z,2026-09-17T04:32:24.6602414Z,results/matrix-20260916-2305/scaled-book-10/containers.jsonl;results/matrix-20260916-2305/scaled-book-10/container-identities.jsonl
x3,book,10,book-reviews-a4-redis-1,87235cf2e925,redis,0.9182051282051282,0.3,3.12,39,15.509487179487179,14.78,21.0,39,6.153846153846154,6.0,12.0,39,2026-09-17T04:27:13.1386419Z,2026-09-17T04:32:24.6602414Z,results/matrix-20260916-2305/scaled-book-10/containers.jsonl;results/matrix-20260916-2305/scaled-book-10/container-identities.jsonl
x3,book,10,book-reviews-a4-traefik-1,9848c97527b3,traefik,0.9212820512820513,0.0,7.7,39,119.84871794871795,118.6,120.7,39,18.0,18.0,18.0,39,2026-09-17T04:27:13.1386419Z,2026-09-17T04:32:24.6602414Z,results/matrix-20260916-2305/scaled-book-10/containers.jsonl;results/matrix-20260916-2305/scaled-book-10/container-identities.jsonl
x3,book,10,book-reviews-a4-web-3,a1cb37b7da6b,web,0.8412820512820514,0.0,4.15,39,118.17692307692307,116.8,119.5,39,11.025641025641026,11.0,12.0,39,2026-09-17T04:27:13.1386419Z,2026-09-17T04:32:24.6602414Z,results/matrix-20260916-2305/scaled-book-10/containers.jsonl;results/matrix-20260916-2305/scaled-book-10/container-identities.jsonl
x3,book,10,book-reviews-a4-db-1,ca43277e8356,db,1.2823076923076924,0.0,3.99,39,56.50820512820513,53.96,62.31,39,9.897435897435898,9.0,10.0,39,2026-09-17T04:27:13.1386419Z,2026-09-17T04:32:24.6602414Z,results/matrix-20260916-2305/scaled-book-10/containers.jsonl;results/matrix-20260916-2305/scaled-book-10/container-identities.jsonl
x3,book,100,book-reviews-a4-web-1,348cd506525f,web,1.1161538461538463,0.01,4.69,39,121.35384615384615,120.5,126.3,39,11.0,11.0,11.0,39,2026-09-17T04:48:15.7893079Z,2026-09-17T04:53:28.2307878Z,results/matrix-20260916-2305/scaled-book-100/containers.jsonl;results/matrix-20260916-2305/scaled-book-100/container-identities.jsonl
x3,book,100,book-reviews-a4-opensearch-1,48f7e9560c08,opensearch,0.7848717948717949,0.58,4.61,39,1521.5589743589744,1498.112,1530.88,39,129.02564102564102,129.0,130.0,39,2026-09-17T04:48:15.7893079Z,2026-09-17T04:53:28.2307878Z,results/matrix-20260916-2305/scaled-book-100/containers.jsonl;results/matrix-20260916-2305/scaled-book-100/container-identities.jsonl
x3,book,100,book-reviews-a4-web-2,660681595a5e,web,1.0135897435897436,0.0,5.38,39,121.3025641025641,120.4,122.3,39,11.0,11.0,11.0,39,2026-09-17T04:48:15.7893079Z,2026-09-17T04:53:28.2307878Z,results/matrix-20260916-2305/scaled-book-100/containers.jsonl;results/matrix-20260916-2305/scaled-book-100/container-identities.jsonl
x3,book,100,book-reviews-a4-static-1,69b93e454d61,static,0.8143589743589744,0.01,4.44,39,30.858205128205128,30.13,35.23,39,9.0,9.0,9.0,39,2026-09-17T04:48:15.7893079Z,2026-09-17T04:53:28.2307878Z,results/matrix-20260916-2305/scaled-book-100/containers.jsonl;results/matrix-20260916-2305/scaled-book-100/container-identities.jsonl
x3,book,100,book-reviews-a4-redis-1,87235cf2e925,redis,1.0151282051282051,0.29,4.46,39,15.576153846153847,14.97,20.24,39,6.153846153846154,6.0,12.0,39,2026-09-17T04:48:15.7893079Z,2026-09-17T04:53:28.2307878Z,results/matrix-20260916-2305/scaled-book-100/containers.jsonl;results/matrix-20260916-2305/scaled-book-100/container-identities.jsonl
x3,book,100,book-reviews-a4-traefik-1,9848c97527b3,traefik,2.2674358974358975,0.0,9.87,39,121.3974358974359,119.5,122.9,39,18.0,18.0,18.0,39,2026-09-17T04:48:15.7893079Z,2026-09-17T04:53:28.2307878Z,results/matrix-20260916-2305/scaled-book-100/containers.jsonl;results/matrix-20260916-2305/scaled-book-100/container-identities.jsonl
x3,book,100,book-reviews-a4-web-3,a1cb37b7da6b,web,0.796923076923077,0.01,4.75,39,120.76923076923077,120.0,121.8,39,11.0,11.0,11.0,39,2026-09-17T04:48:15.7893079Z,2026-09-17T04:53:28.2307878Z,results/matrix-20260916-2305/scaled-book-100/containers.jsonl;results/matrix-20260916-2305/scaled-book-100/container-identities.jsonl
x3,book,100,book-reviews-a4-db-1,ca43277e8356,db,2.6423076923076922,0.0,3.91,39,56.18512820512821,53.91,57.31,39,9.897435897435898,9.0,10.0,39,2026-09-17T04:48:15.7893079Z,2026-09-17T04:53:28.2307878Z,results/matrix-20260916-2305/scaled-book-100/containers.jsonl;results/matrix-20260916-2305/scaled-book-100/container-identities.jsonl
x3,book,1000,book-reviews-a4-web-1,348cd506525f,web,1.213,0.01,3.86,40,127.38,126.3,132.0,40,11.0,11.0,11.0,40,2026-09-17T05:09:25.2813622Z,2026-09-17T05:14:30.3079299Z,results/matrix-20260916-2305/scaled-book-1000/containers.jsonl;results/matrix-20260916-2305/scaled-book-1000/container-identities.jsonl
x3,book,1000,book-reviews-a4-opensearch-1,48f7e9560c08,opensearch,0.945,0.45,4.27,40,1493.7088,1492.992,1495.04,40,131.0,131.0,131.0,40,2026-09-17T05:09:25.2813622Z,2026-09-17T05:14:30.3079299Z,results/matrix-20260916-2305/scaled-book-1000/containers.jsonl;results/matrix-20260916-2305/scaled-book-1000/container-identities.jsonl
x3,book,1000,book-reviews-a4-web-2,660681595a5e,web,1.1555,0.01,4.17,40,127.5,126.3,131.8,40,11.0,11.0,11.0,40,2026-09-17T05:09:25.2813622Z,2026-09-17T05:14:30.3079299Z,results/matrix-20260916-2305/scaled-book-1000/containers.jsonl;results/matrix-20260916-2305/scaled-book-1000/container-identities.jsonl
x3,book,1000,book-reviews-a4-static-1,69b93e454d61,static,0.67325,0.01,2.94,40,30.664,30.04,31.95,40,9.175,9.0,15.0,40,2026-09-17T05:09:25.2813622Z,2026-09-17T05:14:30.3079299Z,results/matrix-20260916-2305/scaled-book-1000/containers.jsonl;results/matrix-20260916-2305/scaled-book-1000/container-identities.jsonl
x3,book,1000,book-reviews-a4-redis-1,87235cf2e925,redis,0.744,0.29,2.57,40,16.3335,15.49,17.07,40,6.025,6.0,7.0,40,2026-09-17T05:09:25.2813622Z,2026-09-17T05:14:30.3079299Z,results/matrix-20260916-2305/scaled-book-1000/containers.jsonl;results/matrix-20260916-2305/scaled-book-1000/container-identities.jsonl
x3,book,1000,book-reviews-a4-traefik-1,9848c97527b3,traefik,1.54325,0.23,6.38,40,122.7575,121.1,124.0,40,18.0,18.0,18.0,40,2026-09-17T05:09:25.2813622Z,2026-09-17T05:14:30.3079299Z,results/matrix-20260916-2305/scaled-book-1000/containers.jsonl;results/matrix-20260916-2305/scaled-book-1000/container-identities.jsonl
x3,book,1000,book-reviews-a4-web-3,a1cb37b7da6b,web,1.21875,0.01,4.07,40,126.7875,126.0,127.8,40,11.025,11.0,12.0,40,2026-09-17T05:09:25.2813622Z,2026-09-17T05:14:30.3079299Z,results/matrix-20260916-2305/scaled-book-1000/containers.jsonl;results/matrix-20260916-2305/scaled-book-1000/container-identities.jsonl
x3,book,1000,book-reviews-a4-db-1,ca43277e8356,db,1.84975,0.07,3.84,40,55.82425,53.17,61.46,40,9.675,9.0,15.0,40,2026-09-17T05:09:25.2813622Z,2026-09-17T05:14:30.3079299Z,results/matrix-20260916-2305/scaled-book-1000/containers.jsonl;results/matrix-20260916-2305/scaled-book-1000/container-identities.jsonl
x3,book,5000,book-reviews-a4-web-1,348cd506525f,web,3.493658536585366,0.01,6.26,41,128.5609756097561,127.3,133.0,41,11.0,11.0,11.0,41,2026-09-17T05:30:17.7258915Z,2026-09-17T05:35:31.2132498Z,results/matrix-20260916-2305/scaled-book-5000/containers.jsonl;results/matrix-20260916-2305/scaled-book-5000/container-identities.jsonl
x3,book,5000,book-reviews-a4-opensearch-1,48f7e9560c08,opensearch,1.0046341463414634,0.45,3.58,41,1501.2339512195122,1500.16,1502.208,41,132.58536585365854,132.0,133.0,41,2026-09-17T05:30:17.7258915Z,2026-09-17T05:35:31.2132498Z,results/matrix-20260916-2305/scaled-book-5000/containers.jsonl;results/matrix-20260916-2305/scaled-book-5000/container-identities.jsonl
x3,book,5000,book-reviews-a4-web-2,660681595a5e,web,3.2514634146341463,0.01,6.16,41,129.19024390243902,127.9,134.3,41,11.0,11.0,11.0,41,2026-09-17T05:30:17.7258915Z,2026-09-17T05:35:31.2132498Z,results/matrix-20260916-2305/scaled-book-5000/containers.jsonl;results/matrix-20260916-2305/scaled-book-5000/container-identities.jsonl
x3,book,5000,book-reviews-a4-static-1,69b93e454d61,static,0.6078048780487805,0.0,3.07,41,30.37560975609756,30.07,31.29,41,9.0,9.0,9.0,41,2026-09-17T05:30:17.7258915Z,2026-09-17T05:35:31.2132498Z,results/matrix-20260916-2305/scaled-book-5000/containers.jsonl;results/matrix-20260916-2305/scaled-book-5000/container-identities.jsonl
x3,book,5000,book-reviews-a4-redis-1,87235cf2e925,redis,1.095609756097561,0.3,3.81,41,20.93829268292683,19.14,25.32,41,6.0,6.0,6.0,41,2026-09-17T05:30:17.7258915Z,2026-09-17T05:35:31.2132498Z,results/matrix-20260916-2305/scaled-book-5000/containers.jsonl;results/matrix-20260916-2305/scaled-book-5000/container-identities.jsonl
x3,book,5000,book-reviews-a4-traefik-1,9848c97527b3,traefik,3.5326829268292683,0.19,9.43,41,124.4829268292683,120.9,135.7,41,18.0,18.0,18.0,41,2026-09-17T05:30:17.7258915Z,2026-09-17T05:35:31.2132498Z,results/matrix-20260916-2305/scaled-book-5000/containers.jsonl;results/matrix-20260916-2305/scaled-book-5000/container-identities.jsonl
x3,book,5000,book-reviews-a4-web-3,a1cb37b7da6b,web,3.2114634146341463,0.01,6.64,41,128.55121951219513,127.5,129.3,41,11.0,11.0,11.0,41,2026-09-17T05:30:17.7258915Z,2026-09-17T05:35:31.2132498Z,results/matrix-20260916-2305/scaled-book-5000/containers.jsonl;results/matrix-20260916-2305/scaled-book-5000/container-identities.jsonl
x3,book,5000,book-reviews-a4-db-1,ca43277e8356,db,3.082439024390244,1.41,4.6,41,60.19512195121951,54.11,66.68,41,11.21951219512195,9.0,12.0,41,2026-09-17T05:30:17.7258915Z,2026-09-17T05:35:31.2132498Z,results/matrix-20260916-2305/scaled-book-5000/containers.jsonl;results/matrix-20260916-2305/scaled-book-5000/container-identities.jsonl
x3,search,1,book-reviews-a4-web-1,348cd506525f,web,0.9471794871794872,0.01,4.6,39,113.11025641025641,112.3,114.0,39,10.153846153846153,10.0,16.0,39,2026-09-17T04:00:45.4063493Z,2026-09-17T04:05:58.6645691Z,results/matrix-20260916-2305/scaled-search-1/containers.jsonl;results/matrix-20260916-2305/scaled-search-1/container-identities.jsonl
x3,search,1,book-reviews-a4-opensearch-1,48f7e9560c08,opensearch,1.11,0.61,5.64,39,1517.4104615384615,1498.112,1533.952,39,129.0,129.0,129.0,39,2026-09-17T04:00:45.4063493Z,2026-09-17T04:05:58.6645691Z,results/matrix-20260916-2305/scaled-search-1/containers.jsonl;results/matrix-20260916-2305/scaled-search-1/container-identities.jsonl
x3,search,1,book-reviews-a4-web-2,660681595a5e,web,0.8243589743589744,0.01,6.13,39,111.88461538461539,110.1,112.7,39,10.974358974358974,10.0,11.0,39,2026-09-17T04:00:45.4063493Z,2026-09-17T04:05:58.6645691Z,results/matrix-20260916-2305/scaled-search-1/containers.jsonl;results/matrix-20260916-2305/scaled-search-1/container-identities.jsonl
x3,search,1,book-reviews-a4-static-1,69b93e454d61,static,0.6294871794871795,0.01,3.49,39,30.162307692307692,29.23,31.42,39,9.153846153846153,9.0,15.0,39,2026-09-17T04:00:45.4063493Z,2026-09-17T04:05:58.6645691Z,results/matrix-20260916-2305/scaled-search-1/containers.jsonl;results/matrix-20260916-2305/scaled-search-1/container-identities.jsonl
x3,search,1,book-reviews-a4-redis-1,87235cf2e925,redis,0.9087179487179488,0.28,4.1,39,15.38,14.82,15.94,39,6.0,6.0,6.0,39,2026-09-17T04:00:45.4063493Z,2026-09-17T04:05:58.6645691Z,results/matrix-20260916-2305/scaled-search-1/containers.jsonl;results/matrix-20260916-2305/scaled-search-1/container-identities.jsonl
x3,search,1,book-reviews-a4-traefik-1,9848c97527b3,traefik,1.4797435897435898,0.0,10.45,39,119.48717948717949,118.5,120.5,39,18.0,18.0,18.0,39,2026-09-17T04:00:45.4063493Z,2026-09-17T04:05:58.6645691Z,results/matrix-20260916-2305/scaled-search-1/containers.jsonl;results/matrix-20260916-2305/scaled-search-1/container-identities.jsonl
x3,search,1,book-reviews-a4-web-3,a1cb37b7da6b,web,0.9423076923076923,0.01,4.19,39,110.40512820512821,109.3,116.4,39,10.0,10.0,10.0,39,2026-09-17T04:00:45.4063493Z,2026-09-17T04:05:58.6645691Z,results/matrix-20260916-2305/scaled-search-1/containers.jsonl;results/matrix-20260916-2305/scaled-search-1/container-identities.jsonl
x3,search,1,book-reviews-a4-db-1,ca43277e8356,db,0.85,0.0,4.31,39,53.25512820512821,52.07,53.75,39,9.025641025641026,9.0,10.0,39,2026-09-17T04:00:45.4063493Z,2026-09-17T04:05:58.6645691Z,results/matrix-20260916-2305/scaled-search-1/containers.jsonl;results/matrix-20260916-2305/scaled-search-1/container-identities.jsonl
x3,search,10,book-reviews-a4-web-1,348cd506525f,web,0.5564102564102564,0.01,8.78,39,116.32564102564102,115.7,117.2,39,10.897435897435898,10.0,11.0,39,2026-09-17T04:21:57.4004005Z,2026-09-17T04:27:06.7311819Z,results/matrix-20260916-2305/scaled-search-10/containers.jsonl;results/matrix-20260916-2305/scaled-search-10/container-identities.jsonl
x3,search,10,book-reviews-a4-opensearch-1,48f7e9560c08,opensearch,1.3484615384615384,0.59,5.8,39,1526.652717948718,1524.736,1531.904,39,129.02564102564102,129.0,130.0,39,2026-09-17T04:21:57.4004005Z,2026-09-17T04:27:06.7311819Z,results/matrix-20260916-2305/scaled-search-10/containers.jsonl;results/matrix-20260916-2305/scaled-search-10/container-identities.jsonl
x3,search,10,book-reviews-a4-web-2,660681595a5e,web,0.7376923076923076,0.01,3.99,39,116.22564102564102,115.2,117.0,39,11.0,11.0,11.0,39,2026-09-17T04:21:57.4004005Z,2026-09-17T04:27:06.7311819Z,results/matrix-20260916-2305/scaled-search-10/containers.jsonl;results/matrix-20260916-2305/scaled-search-10/container-identities.jsonl
x3,search,10,book-reviews-a4-static-1,69b93e454d61,static,0.7607692307692308,0.01,3.43,39,31.035897435897436,30.22,31.81,39,9.0,9.0,9.0,39,2026-09-17T04:21:57.4004005Z,2026-09-17T04:27:06.7311819Z,results/matrix-20260916-2305/scaled-search-10/containers.jsonl;results/matrix-20260916-2305/scaled-search-10/container-identities.jsonl
x3,search,10,book-reviews-a4-redis-1,87235cf2e925,redis,0.782051282051282,0.31,3.22,39,15.494615384615384,14.77,16.27,39,6.0,6.0,6.0,39,2026-09-17T04:21:57.4004005Z,2026-09-17T04:27:06.7311819Z,results/matrix-20260916-2305/scaled-search-10/containers.jsonl;results/matrix-20260916-2305/scaled-search-10/container-identities.jsonl
x3,search,10,book-reviews-a4-traefik-1,9848c97527b3,traefik,1.9130769230769231,0.0,8.41,39,120.41538461538461,118.9,136.2,39,18.256410256410255,18.0,28.0,39,2026-09-17T04:21:57.4004005Z,2026-09-17T04:27:06.7311819Z,results/matrix-20260916-2305/scaled-search-10/containers.jsonl;results/matrix-20260916-2305/scaled-search-10/container-identities.jsonl
x3,search,10,book-reviews-a4-web-3,a1cb37b7da6b,web,0.8771794871794872,0.01,3.99,39,117.48717948717949,116.5,118.9,39,11.128205128205128,10.0,17.0,39,2026-09-17T04:21:57.4004005Z,2026-09-17T04:27:06.7311819Z,results/matrix-20260916-2305/scaled-search-10/containers.jsonl;results/matrix-20260916-2305/scaled-search-10/container-identities.jsonl
x3,search,10,book-reviews-a4-db-1,ca43277e8356,db,1.2525641025641026,0.0,3.81,39,54.52974358974359,53.37,59.39,39,9.153846153846153,9.0,10.0,39,2026-09-17T04:21:57.4004005Z,2026-09-17T04:27:06.7311819Z,results/matrix-20260916-2305/scaled-search-10/containers.jsonl;results/matrix-20260916-2305/scaled-search-10/container-identities.jsonl
x3,search,100,book-reviews-a4-web-1,348cd506525f,web,0.9802564102564103,0.0,4.15,39,121.05641025641026,120.1,122.2,39,11.0,11.0,11.0,39,2026-09-17T04:43:03.5430692Z,2026-09-17T04:48:09.5001487Z,results/matrix-20260916-2305/scaled-search-100/containers.jsonl;results/matrix-20260916-2305/scaled-search-100/container-identities.jsonl
x3,search,100,book-reviews-a4-opensearch-1,48f7e9560c08,opensearch,2.085897435897436,0.57,23.1,39,1521.1388717948719,1517.568,1524.736,39,129.02564102564102,129.0,130.0,39,2026-09-17T04:43:03.5430692Z,2026-09-17T04:48:09.5001487Z,results/matrix-20260916-2305/scaled-search-100/containers.jsonl;results/matrix-20260916-2305/scaled-search-100/container-identities.jsonl
x3,search,100,book-reviews-a4-web-2,660681595a5e,web,0.8638461538461538,0.0,3.89,39,120.78717948717949,119.4,124.7,39,11.0,11.0,11.0,39,2026-09-17T04:43:03.5430692Z,2026-09-17T04:48:09.5001487Z,results/matrix-20260916-2305/scaled-search-100/containers.jsonl;results/matrix-20260916-2305/scaled-search-100/container-identities.jsonl
x3,search,100,book-reviews-a4-static-1,69b93e454d61,static,0.7397435897435898,0.01,4.2,39,30.936666666666667,30.12,32.06,39,9.0,9.0,9.0,39,2026-09-17T04:43:03.5430692Z,2026-09-17T04:48:09.5001487Z,results/matrix-20260916-2305/scaled-search-100/containers.jsonl;results/matrix-20260916-2305/scaled-search-100/container-identities.jsonl
x3,search,100,book-reviews-a4-redis-1,87235cf2e925,redis,0.8266666666666667,0.29,3.14,39,15.367948717948718,14.71,16.32,39,6.0,6.0,6.0,39,2026-09-17T04:43:03.5430692Z,2026-09-17T04:48:09.5001487Z,results/matrix-20260916-2305/scaled-search-100/containers.jsonl;results/matrix-20260916-2305/scaled-search-100/container-identities.jsonl
x3,search,100,book-reviews-a4-traefik-1,9848c97527b3,traefik,1.9820512820512821,0.0,8.12,39,121.82564102564103,120.0,132.3,39,18.333333333333332,18.0,25.0,39,2026-09-17T04:43:03.5430692Z,2026-09-17T04:48:09.5001487Z,results/matrix-20260916-2305/scaled-search-100/containers.jsonl;results/matrix-20260916-2305/scaled-search-100/container-identities.jsonl
x3,search,100,book-reviews-a4-web-3,a1cb37b7da6b,web,0.9364102564102564,0.01,5.85,39,120.74102564102564,119.3,125.8,39,11.0,11.0,11.0,39,2026-09-17T04:43:03.5430692Z,2026-09-17T04:48:09.5001487Z,results/matrix-20260916-2305/scaled-search-100/containers.jsonl;results/matrix-20260916-2305/scaled-search-100/container-identities.jsonl
x3,search,100,book-reviews-a4-db-1,ca43277e8356,db,1.9587179487179487,0.0,5.48,39,54.45153846153846,53.16,58.84,39,9.205128205128204,9.0,10.0,39,2026-09-17T04:43:03.5430692Z,2026-09-17T04:48:09.5001487Z,results/matrix-20260916-2305/scaled-search-100/containers.jsonl;results/matrix-20260916-2305/scaled-search-100/container-identities.jsonl
x3,search,1000,book-reviews-a4-web-1,348cd506525f,web,1.2295121951219512,0.01,4.58,41,126.78048780487805,124.3,131.6,41,11.0,11.0,11.0,41,2026-09-17T05:04:07.5091528Z,2026-09-17T05:09:20.0013613Z,results/matrix-20260916-2305/scaled-search-1000/containers.jsonl;results/matrix-20260916-2305/scaled-search-1000/container-identities.jsonl
x3,search,1000,book-reviews-a4-opensearch-1,48f7e9560c08,opensearch,2.236829268292683,0.49,13.59,41,1504.9053658536586,1494.016,1536.0,41,131.0487804878049,131.0,133.0,41,2026-09-17T05:04:07.5091528Z,2026-09-17T05:09:20.0013613Z,results/matrix-20260916-2305/scaled-search-1000/containers.jsonl;results/matrix-20260916-2305/scaled-search-1000/container-identities.jsonl
x3,search,1000,book-reviews-a4-web-2,660681595a5e,web,1.1007317073170733,0.0,4.14,41,127.17073170731707,125.7,131.5,41,11.0,11.0,11.0,41,2026-09-17T05:04:07.5091528Z,2026-09-17T05:09:20.0013613Z,results/matrix-20260916-2305/scaled-search-1000/containers.jsonl;results/matrix-20260916-2305/scaled-search-1000/container-identities.jsonl
x3,search,1000,book-reviews-a4-static-1,69b93e454d61,static,0.54,0.0,2.93,41,30.223658536585365,29.79,31.14,41,9.0,9.0,9.0,41,2026-09-17T05:04:07.5091528Z,2026-09-17T05:09:20.0013613Z,results/matrix-20260916-2305/scaled-search-1000/containers.jsonl;results/matrix-20260916-2305/scaled-search-1000/container-identities.jsonl
x3,search,1000,book-reviews-a4-redis-1,87235cf2e925,redis,0.8434146341463414,0.29,2.78,41,16.055121951219512,15.21,20.56,41,6.146341463414634,6.0,12.0,41,2026-09-17T05:04:07.5091528Z,2026-09-17T05:09:20.0013613Z,results/matrix-20260916-2305/scaled-search-1000/containers.jsonl;results/matrix-20260916-2305/scaled-search-1000/container-identities.jsonl
x3,search,1000,book-reviews-a4-traefik-1,9848c97527b3,traefik,1.7973170731707317,0.34,7.32,41,122.99512195121952,120.9,133.0,41,18.0,18.0,18.0,41,2026-09-17T05:04:07.5091528Z,2026-09-17T05:09:20.0013613Z,results/matrix-20260916-2305/scaled-search-1000/containers.jsonl;results/matrix-20260916-2305/scaled-search-1000/container-identities.jsonl
x3,search,1000,book-reviews-a4-web-3,a1cb37b7da6b,web,1.5151219512195122,0.01,4.03,41,126.72195121951219,125.0,133.2,41,11.0,11.0,11.0,41,2026-09-17T05:04:07.5091528Z,2026-09-17T05:09:20.0013613Z,results/matrix-20260916-2305/scaled-search-1000/containers.jsonl;results/matrix-20260916-2305/scaled-search-1000/container-identities.jsonl
x3,search,1000,book-reviews-a4-db-1,ca43277e8356,db,1.642439024390244,0.0,3.4,41,55.91512195121951,52.86,62.23,41,9.902439024390244,9.0,11.0,41,2026-09-17T05:04:07.5091528Z,2026-09-17T05:09:20.0013613Z,results/matrix-20260916-2305/scaled-search-1000/containers.jsonl;results/matrix-20260916-2305/scaled-search-1000/container-identities.jsonl
x3,search,5000,book-reviews-a4-web-1,348cd506525f,web,3.8875,0.02,6.71,40,129.5675,128.5,133.7,40,11.175,11.0,17.0,40,2026-09-17T05:25:05.9703181Z,2026-09-17T05:30:11.0486801Z,results/matrix-20260916-2305/scaled-search-5000/containers.jsonl;results/matrix-20260916-2305/scaled-search-5000/container-identities.jsonl
x3,search,5000,book-reviews-a4-opensearch-1,48f7e9560c08,opensearch,4.15625,0.56,10.1,40,1518.2336,1492.992,1536.0,40,131.35,131.0,133.0,40,2026-09-17T05:25:05.9703181Z,2026-09-17T05:30:11.0486801Z,results/matrix-20260916-2305/scaled-search-5000/containers.jsonl;results/matrix-20260916-2305/scaled-search-5000/container-identities.jsonl
x3,search,5000,book-reviews-a4-web-2,660681595a5e,web,4.001,0.28,7.21,40,130.185,129.0,130.9,40,11.0,11.0,11.0,40,2026-09-17T05:25:05.9703181Z,2026-09-17T05:30:11.0486801Z,results/matrix-20260916-2305/scaled-search-5000/containers.jsonl;results/matrix-20260916-2305/scaled-search-5000/container-identities.jsonl
x3,search,5000,book-reviews-a4-static-1,69b93e454d61,static,0.58125,0.0,3.39,40,30.105249999999998,29.9,31.11,40,9.0,9.0,9.0,40,2026-09-17T05:25:05.9703181Z,2026-09-17T05:30:11.0486801Z,results/matrix-20260916-2305/scaled-search-5000/containers.jsonl;results/matrix-20260916-2305/scaled-search-5000/container-identities.jsonl
x3,search,5000,book-reviews-a4-redis-1,87235cf2e925,redis,0.8475,0.28,2.88,40,18.57325,17.43,19.48,40,6.0,6.0,6.0,40,2026-09-17T05:25:05.9703181Z,2026-09-17T05:30:11.0486801Z,results/matrix-20260916-2305/scaled-search-5000/containers.jsonl;results/matrix-20260916-2305/scaled-search-5000/container-identities.jsonl
x3,search,5000,book-reviews-a4-traefik-1,9848c97527b3,traefik,4.203,0.22,9.46,40,124.255,121.6,135.3,40,18.125,18.0,23.0,40,2026-09-17T05:25:05.9703181Z,2026-09-17T05:30:11.0486801Z,results/matrix-20260916-2305/scaled-search-5000/containers.jsonl;results/matrix-20260916-2305/scaled-search-5000/container-identities.jsonl
x3,search,5000,book-reviews-a4-web-3,a1cb37b7da6b,web,3.8015,0.01,6.51,40,129.285,128.3,131.2,40,11.0,11.0,11.0,40,2026-09-17T05:25:05.9703181Z,2026-09-17T05:30:11.0486801Z,results/matrix-20260916-2305/scaled-search-5000/containers.jsonl;results/matrix-20260916-2305/scaled-search-5000/container-identities.jsonl
x3,search,5000,book-reviews-a4-db-1,ca43277e8356,db,2.14675,0.08,3.82,40,55.130250000000004,53.68,58.8,40,9.175,9.0,10.0,40,2026-09-17T05:25:05.9703181Z,2026-09-17T05:30:11.0486801Z,results/matrix-20260916-2305/scaled-search-5000/containers.jsonl;results/matrix-20260916-2305/scaled-search-5000/container-identities.jsonl
x3,static,1,book-reviews-a4-web-1,348cd506525f,web,0.8433333333333333,0.01,4.27,39,105.25128205128205,100.9,110.6,39,10.025641025641026,10.0,11.0,39,2026-09-17T03:50:10.7506668Z,2026-09-17T03:55:23.6905792Z,results/matrix-20260916-2305/scaled-static-1/containers.jsonl;results/matrix-20260916-2305/scaled-static-1/container-identities.jsonl
x3,static,1,book-reviews-a4-opensearch-1,48f7e9560c08,opensearch,1.037948717948718,0.6,4.75,39,1500.1074871794872,1497.088,1530.88,39,129.0,129.0,129.0,39,2026-09-17T03:50:10.7506668Z,2026-09-17T03:55:23.6905792Z,results/matrix-20260916-2305/scaled-static-1/containers.jsonl;results/matrix-20260916-2305/scaled-static-1/container-identities.jsonl
x3,static,1,book-reviews-a4-web-2,660681595a5e,web,1.1284615384615384,0.01,4.29,39,105.1,101.1,109.0,39,10.0,10.0,10.0,39,2026-09-17T03:50:10.7506668Z,2026-09-17T03:55:23.6905792Z,results/matrix-20260916-2305/scaled-static-1/containers.jsonl;results/matrix-20260916-2305/scaled-static-1/container-identities.jsonl
x3,static,1,book-reviews-a4-static-1,69b93e454d61,static,0.5394871794871795,0.01,4.22,39,29.805897435897435,29.14,30.58,39,9.0,9.0,9.0,39,2026-09-17T03:50:10.7506668Z,2026-09-17T03:55:23.6905792Z,results/matrix-20260916-2305/scaled-static-1/containers.jsonl;results/matrix-20260916-2305/scaled-static-1/container-identities.jsonl
x3,static,1,book-reviews-a4-redis-1,87235cf2e925,redis,0.8884615384615384,0.29,4.55,39,15.345897435897436,14.79,15.99,39,6.0,6.0,6.0,39,2026-09-17T03:50:10.7506668Z,2026-09-17T03:55:23.6905792Z,results/matrix-20260916-2305/scaled-static-1/containers.jsonl;results/matrix-20260916-2305/scaled-static-1/container-identities.jsonl
x3,static,1,book-reviews-a4-traefik-1,9848c97527b3,traefik,1.4825641025641025,0.0,8.01,39,119.49743589743589,117.9,120.8,39,18.102564102564102,18.0,22.0,39,2026-09-17T03:50:10.7506668Z,2026-09-17T03:55:23.6905792Z,results/matrix-20260916-2305/scaled-static-1/containers.jsonl;results/matrix-20260916-2305/scaled-static-1/container-identities.jsonl
x3,static,1,book-reviews-a4-web-3,a1cb37b7da6b,web,1.122051282051282,0.01,4.52,39,105.21282051282051,101.2,109.3,39,10.0,10.0,10.0,39,2026-09-17T03:50:10.7506668Z,2026-09-17T03:55:23.6905792Z,results/matrix-20260916-2305/scaled-static-1/containers.jsonl;results/matrix-20260916-2305/scaled-static-1/container-identities.jsonl
x3,static,1,book-reviews-a4-db-1,ca43277e8356,db,1.418974358974359,0.0,5.1,39,52.82589743589744,51.91,57.38,39,9.0,9.0,9.0,39,2026-09-17T03:50:10.7506668Z,2026-09-17T03:55:23.6905792Z,results/matrix-20260916-2305/scaled-static-1/containers.jsonl;results/matrix-20260916-2305/scaled-static-1/container-identities.jsonl
x3,static,10,book-reviews-a4-web-1,348cd506525f,web,1.13,0.01,4.42,39,113.49743589743589,112.7,114.1,39,10.0,10.0,10.0,39,2026-09-17T04:11:20.5941767Z,2026-09-17T04:16:32.9210210Z,results/matrix-20260916-2305/scaled-static-10/containers.jsonl;results/matrix-20260916-2305/scaled-static-10/container-identities.jsonl
x3,static,10,book-reviews-a4-opensearch-1,48f7e9560c08,opensearch,1.0384615384615385,0.59,4.47,39,1524.7885128205128,1520.64,1525.76,39,129.0,129.0,129.0,39,2026-09-17T04:11:20.5941767Z,2026-09-17T04:16:32.9210210Z,results/matrix-20260916-2305/scaled-static-10/containers.jsonl;results/matrix-20260916-2305/scaled-static-10/container-identities.jsonl
x3,static,10,book-reviews-a4-web-2,660681595a5e,web,0.8787179487179487,0.0,4.66,39,112.62564102564103,112.0,113.6,39,11.0,11.0,11.0,39,2026-09-17T04:11:20.5941767Z,2026-09-17T04:16:32.9210210Z,results/matrix-20260916-2305/scaled-static-10/containers.jsonl;results/matrix-20260916-2305/scaled-static-10/container-identities.jsonl
x3,static,10,book-reviews-a4-static-1,69b93e454d61,static,0.8830769230769231,0.01,4.0,39,31.20769230769231,30.37,35.73,39,9.0,9.0,9.0,39,2026-09-17T04:11:20.5941767Z,2026-09-17T04:16:32.9210210Z,results/matrix-20260916-2305/scaled-static-10/containers.jsonl;results/matrix-20260916-2305/scaled-static-10/container-identities.jsonl
x3,static,10,book-reviews-a4-redis-1,87235cf2e925,redis,0.953076923076923,0.3,4.11,39,15.47102564102564,14.61,19.75,39,6.0,6.0,6.0,39,2026-09-17T04:11:20.5941767Z,2026-09-17T04:16:32.9210210Z,results/matrix-20260916-2305/scaled-static-10/containers.jsonl;results/matrix-20260916-2305/scaled-static-10/container-identities.jsonl
x3,static,10,book-reviews-a4-traefik-1,9848c97527b3,traefik,1.6105128205128205,0.05,8.83,39,119.64358974358974,118.5,121.3,39,18.23076923076923,18.0,27.0,39,2026-09-17T04:11:20.5941767Z,2026-09-17T04:16:32.9210210Z,results/matrix-20260916-2305/scaled-static-10/containers.jsonl;results/matrix-20260916-2305/scaled-static-10/container-identities.jsonl
x3,static,10,book-reviews-a4-web-3,a1cb37b7da6b,web,0.7646153846153846,0.01,4.55,39,113.41794871794872,112.8,114.4,39,10.128205128205128,10.0,15.0,39,2026-09-17T04:11:20.5941767Z,2026-09-17T04:16:32.9210210Z,results/matrix-20260916-2305/scaled-static-10/containers.jsonl;results/matrix-20260916-2305/scaled-static-10/container-identities.jsonl
x3,static,10,book-reviews-a4-db-1,ca43277e8356,db,2.9641025641025642,0.0,4.92,39,55.10948717948718,52.76,57.72,39,9.692307692307692,9.0,10.0,39,2026-09-17T04:11:20.5941767Z,2026-09-17T04:16:32.9210210Z,results/matrix-20260916-2305/scaled-static-10/containers.jsonl;results/matrix-20260916-2305/scaled-static-10/container-identities.jsonl
x3,static,100,book-reviews-a4-web-1,348cd506525f,web,0.7338461538461538,0.0,4.68,39,118.67692307692307,118.0,119.3,39,11.0,11.0,11.0,39,2026-09-17T04:32:30.7121158Z,2026-09-17T04:37:37.1966481Z,results/matrix-20260916-2305/scaled-static-100/containers.jsonl;results/matrix-20260916-2305/scaled-static-100/container-identities.jsonl
x3,static,100,book-reviews-a4-opensearch-1,48f7e9560c08,opensearch,1.3156410256410256,0.57,5.01,39,1524.867282051282,1523.712,1529.856,39,129.05128205128204,129.0,131.0,39,2026-09-17T04:32:30.7121158Z,2026-09-17T04:37:37.1966481Z,results/matrix-20260916-2305/scaled-static-100/containers.jsonl;results/matrix-20260916-2305/scaled-static-100/container-identities.jsonl
x3,static,100,book-reviews-a4-web-2,660681595a5e,web,0.8515384615384616,0.0,4.01,39,118.34871794871795,117.6,119.0,39,11.0,11.0,11.0,39,2026-09-17T04:32:30.7121158Z,2026-09-17T04:37:37.1966481Z,results/matrix-20260916-2305/scaled-static-100/containers.jsonl;results/matrix-20260916-2305/scaled-static-100/container-identities.jsonl
x3,static,100,book-reviews-a4-static-1,69b93e454d61,static,0.9446153846153846,0.01,5.81,39,31.457948717948717,30.59,35.89,39,9.0,9.0,9.0,39,2026-09-17T04:32:30.7121158Z,2026-09-17T04:37:37.1966481Z,results/matrix-20260916-2305/scaled-static-100/containers.jsonl;results/matrix-20260916-2305/scaled-static-100/container-identities.jsonl
x3,static,100,book-reviews-a4-redis-1,87235cf2e925,redis,0.9964102564102564,0.28,3.24,39,15.596666666666668,14.51,20.12,39,6.0,6.0,6.0,39,2026-09-17T04:32:30.7121158Z,2026-09-17T04:37:37.1966481Z,results/matrix-20260916-2305/scaled-static-100/containers.jsonl;results/matrix-20260916-2305/scaled-static-100/container-identities.jsonl
x3,static,100,book-reviews-a4-traefik-1,9848c97527b3,traefik,1.303076923076923,0.0,8.27,39,120.61794871794872,119.3,121.7,39,18.0,18.0,18.0,39,2026-09-17T04:32:30.7121158Z,2026-09-17T04:37:37.1966481Z,results/matrix-20260916-2305/scaled-static-100/containers.jsonl;results/matrix-20260916-2305/scaled-static-100/container-identities.jsonl
x3,static,100,book-reviews-a4-web-3,a1cb37b7da6b,web,0.5774358974358974,0.01,4.06,39,118.16923076923077,117.5,119.1,39,11.0,11.0,11.0,39,2026-09-17T04:32:30.7121158Z,2026-09-17T04:37:37.1966481Z,results/matrix-20260916-2305/scaled-static-100/containers.jsonl;results/matrix-20260916-2305/scaled-static-100/container-identities.jsonl
x3,static,100,book-reviews-a4-db-1,ca43277e8356,db,1.7123076923076923,0.0,5.73,39,55.30692307692308,53.56,61.01,39,9.58974358974359,9.0,10.0,39,2026-09-17T04:32:30.7121158Z,2026-09-17T04:37:37.1966481Z,results/matrix-20260916-2305/scaled-static-100/containers.jsonl;results/matrix-20260916-2305/scaled-static-100/container-identities.jsonl
x3,static,1000,book-reviews-a4-web-1,348cd506525f,web,0.66225,0.0,3.34,40,122.39,120.6,128.1,40,11.0,11.0,11.0,40,2026-09-17T04:53:34.7398422Z,2026-09-17T04:58:44.4811452Z,results/matrix-20260916-2305/scaled-static-1000/containers.jsonl;results/matrix-20260916-2305/scaled-static-1000/container-identities.jsonl
x3,static,1000,book-reviews-a4-opensearch-1,48f7e9560c08,opensearch,0.79125,0.46,4.36,40,1528.2944,1527.808,1532.928,40,129.0,129.0,129.0,40,2026-09-17T04:53:34.7398422Z,2026-09-17T04:58:44.4811452Z,results/matrix-20260916-2305/scaled-static-1000/containers.jsonl;results/matrix-20260916-2305/scaled-static-1000/container-identities.jsonl
x3,static,1000,book-reviews-a4-web-2,660681595a5e,web,0.7815,0.0,3.66,40,121.9625,121.0,122.8,40,11.05,11.0,12.0,40,2026-09-17T04:53:34.7398422Z,2026-09-17T04:58:44.4811452Z,results/matrix-20260916-2305/scaled-static-1000/containers.jsonl;results/matrix-20260916-2305/scaled-static-1000/container-identities.jsonl
x3,static,1000,book-reviews-a4-static-1,69b93e454d61,static,0.881,0.01,3.61,40,30.89975,30.11,31.98,40,9.0,9.0,9.0,40,2026-09-17T04:53:34.7398422Z,2026-09-17T04:58:44.4811452Z,results/matrix-20260916-2305/scaled-static-1000/containers.jsonl;results/matrix-20260916-2305/scaled-static-1000/container-identities.jsonl
x3,static,1000,book-reviews-a4-redis-1,87235cf2e925,redis,0.87,0.27,5.85,40,15.27975,14.62,15.85,40,6.0,6.0,6.0,40,2026-09-17T04:53:34.7398422Z,2026-09-17T04:58:44.4811452Z,results/matrix-20260916-2305/scaled-static-1000/containers.jsonl;results/matrix-20260916-2305/scaled-static-1000/container-identities.jsonl
x3,static,1000,book-reviews-a4-traefik-1,9848c97527b3,traefik,2.4225,0.34,9.31,40,123.1375,119.9,137.6,40,18.775,18.0,30.0,40,2026-09-17T04:53:34.7398422Z,2026-09-17T04:58:44.4811452Z,results/matrix-20260916-2305/scaled-static-1000/containers.jsonl;results/matrix-20260916-2305/scaled-static-1000/container-identities.jsonl
x3,static,1000,book-reviews-a4-web-3,a1cb37b7da6b,web,0.7655,0.01,3.61,40,121.53,120.5,122.8,40,11.0,11.0,11.0,40,2026-09-17T04:53:34.7398422Z,2026-09-17T04:58:44.4811452Z,results/matrix-20260916-2305/scaled-static-1000/containers.jsonl;results/matrix-20260916-2305/scaled-static-1000/container-identities.jsonl
x3,static,1000,book-reviews-a4-db-1,ca43277e8356,db,1.5775,0.0,3.8,40,53.94325,52.93,54.79,40,9.0,9.0,9.0,40,2026-09-17T04:53:34.7398422Z,2026-09-17T04:58:44.4811452Z,results/matrix-20260916-2305/scaled-static-1000/containers.jsonl;results/matrix-20260916-2305/scaled-static-1000/container-identities.jsonl
x3,static,5000,book-reviews-a4-web-1,348cd506525f,web,0.8078048780487804,0.0,3.23,41,127.92926829268293,126.9,128.9,41,11.0,11.0,11.0,41,2026-09-17T05:14:35.6071996Z,2026-09-17T05:19:48.4838679Z,results/matrix-20260916-2305/scaled-static-5000/containers.jsonl;results/matrix-20260916-2305/scaled-static-5000/container-identities.jsonl
x3,static,5000,book-reviews-a4-opensearch-1,48f7e9560c08,opensearch,0.7195121951219512,0.44,3.48,41,1493.541463414634,1492.992,1494.016,41,131.0,131.0,131.0,41,2026-09-17T05:14:35.6071996Z,2026-09-17T05:19:48.4838679Z,results/matrix-20260916-2305/scaled-static-5000/containers.jsonl;results/matrix-20260916-2305/scaled-static-5000/container-identities.jsonl
x3,static,5000,book-reviews-a4-web-2,660681595a5e,web,0.9746341463414634,0.0,3.03,41,128.3170731707317,126.9,131.6,41,11.0,11.0,11.0,41,2026-09-17T05:14:35.6071996Z,2026-09-17T05:19:48.4838679Z,results/matrix-20260916-2305/scaled-static-5000/containers.jsonl;results/matrix-20260916-2305/scaled-static-5000/container-identities.jsonl
x3,static,5000,book-reviews-a4-static-1,69b93e454d61,static,1.82,0.01,4.0,41,31.12829268292683,29.91,35.95,41,9.0,9.0,9.0,41,2026-09-17T05:14:35.6071996Z,2026-09-17T05:19:48.4838679Z,results/matrix-20260916-2305/scaled-static-5000/containers.jsonl;results/matrix-20260916-2305/scaled-static-5000/container-identities.jsonl
x3,static,5000,book-reviews-a4-redis-1,87235cf2e925,redis,0.6682926829268293,0.24,2.49,41,16.310243902439023,15.54,19.12,41,6.0,6.0,6.0,41,2026-09-17T05:14:35.6071996Z,2026-09-17T05:19:48.4838679Z,results/matrix-20260916-2305/scaled-static-5000/containers.jsonl;results/matrix-20260916-2305/scaled-static-5000/container-identities.jsonl
x3,static,5000,book-reviews-a4-traefik-1,9848c97527b3,traefik,3.6946341463414636,0.08,8.28,41,123.37073170731708,120.3,133.9,41,18.146341463414632,18.0,24.0,41,2026-09-17T05:14:35.6071996Z,2026-09-17T05:19:48.4838679Z,results/matrix-20260916-2305/scaled-static-5000/containers.jsonl;results/matrix-20260916-2305/scaled-static-5000/container-identities.jsonl
x3,static,5000,book-reviews-a4-web-3,a1cb37b7da6b,web,0.7009756097560975,0.0,2.97,41,127.72439024390243,126.5,128.9,41,11.0,11.0,11.0,41,2026-09-17T05:14:35.6071996Z,2026-09-17T05:19:48.4838679Z,results/matrix-20260916-2305/scaled-static-5000/containers.jsonl;results/matrix-20260916-2305/scaled-static-5000/container-identities.jsonl
x3,static,5000,book-reviews-a4-db-1,ca43277e8356,db,1.5748780487804879,0.0,3.28,41,57.589512195121955,55.52,59.03,41,10.634146341463415,10.0,11.0,41,2026-09-17T05:14:35.6071996Z,2026-09-17T05:19:48.4838679Z,results/matrix-20260916-2305/scaled-static-5000/containers.jsonl;results/matrix-20260916-2305/scaled-static-5000/container-identities.jsonl
